encoder,method,epochs,scene,frame_auroc,frame_ap,f1_at_normal_q99,test_normal_fpr,n_test,n_anomaly_test,threshold,run,source
clip,embedding_pca,0,R01,0.6973942456257568,0.45516335856545725,0.5454545454545454,0.4172077922077922,927,311,0.0012818939285352826,meeting_20261004_v2_10epochs,D:\종합설계 프로젝트\local_experiments\runs\meeting_20261004_v2_10epochs\R01_clip\results.json
clip,embedding_phase,0,R01,0.5304631060258069,0.3635388804500145,0.3723404255319149,0.48863636363636365,927,311,0.002812327230349184,meeting_20261004_v2_10epochs,D:\종합설계 프로젝트\local_experiments\runs\meeting_20261004_v2_10epochs\R01_clip\results.json
clip,embedding_phase_fallback,0,R01,0.46971958909257944,0.2959761899869487,0.047493403693931395,0.09577922077922078,927,311,0.002812327230349184,meeting_20261004_v2_10epochs,D:\종합설계 프로젝트\local_experiments\runs\meeting_20261004_v2_10epochs\R01_clip\results.json
clip,embedding_phase_process_equal,0,R01,0.5019313483943709,0.3171540157523225,0.0794044665012407,0.12337662337662338,927,311,3.706174241534505,meeting_20261004_v2_10epochs,D:\종합설계 프로젝트\local_experiments\runs\meeting_20261004_v2_10epochs\R01_clip\results.json
clip,feature_ae,10,R01,0.547156219985802,0.32430133357467317,0.5284640171858217,0.6071428571428571,927,311,5.6908843107521546e-05,meeting_20261004_v2_10epochs,D:\종합설계 프로젝트\local_experiments\runs\meeting_20261004_v2_10epochs\R01_clip\results.json
clip,gru_forecast,10,R01,0.5186871006806699,0.3107904558075149,0.4789356984478936,0.6087662337662337,927,311,5.7426672756264456e-05,meeting_20261004_v2_10epochs,D:\종합설계 프로젝트\local_experiments\runs\meeting_20261004_v2_10epochs\R01_clip\results.json
clip,spatial_temporal_equal,10,R01,0.43942873846410824,0.282261266713543,0.06928406466512702,0.1737012987012987,927,311,4.377665127659252,meeting_20261004_v2_10epochs,D:\종합설계 프로젝트\local_experiments\runs\meeting_20261004_v2_10epochs\R01_clip\results.json
object_clip,embedding_pca,0,R01,0.686181985217355,0.4731145703713333,0.04776119402985075,0.025974025974025976,927,311,0.0017488792072981596,meeting_20261004_v2_10epochs,D:\종합설계 프로젝트\local_experiments\runs\meeting_20261004_v2_10epochs\R01_object_clip\results.json
object_clip,object_crop_only_pca,0,R01,0.6677819768655782,0.4669493489231059,0.2543640897755611,0.0633116883116883,927,311,0.0009854653617367148,meeting_20261004_v2_10epochs,D:\종합설계 프로젝트\local_experiments\runs\meeting_20261004_v2_10epochs\R01_object_clip\results.json
object_clip,object_geometry_only_pca,0,R01,0.5355394203866872,0.31820568370991564,0.0,0.00974025974025974,927,311,0.0007691052160225809,meeting_20261004_v2_10epochs,D:\종합설계 프로젝트\local_experiments\runs\meeting_20261004_v2_10epochs\R01_object_clip\results.json
object_clip,embedding_phase,0,R01,0.6415521777258112,0.44949732510085594,0.3709677419354839,0.15097402597402598,927,311,0.002418638607487084,meeting_20261004_v2_10epochs,D:\종합설계 프로젝트\local_experiments\runs\meeting_20261004_v2_10epochs\R01_object_clip\results.json
object_clip,embedding_phase_fallback,0,R01,0.6725894684094041,0.481517400751284,0.3593073593073593,0.11038961038961038,927,311,0.002418638607487084,meeting_20261004_v2_10epochs,D:\종합설계 프로젝트\local_experiments\runs\meeting_20261004_v2_10epochs\R01_object_clip\results.json
object_clip,embedding_phase_process_equal,0,R01,0.5777550423852675,0.36416822661838644,0.0471976401179941,0.032467532467532464,927,311,16.357744050492162,meeting_20261004_v2_10epochs,D:\종합설계 프로젝트\local_experiments\runs\meeting_20261004_v2_10epochs\R01_object_clip\results.json
object_clip,feature_ae,10,R01,0.5520889881822357,0.3291489103142571,0.054455445544554455,0.1331168831168831,927,311,7.625874168297745e-05,meeting_20261004_v2_10epochs,D:\종합설계 프로젝트\local_experiments\runs\meeting_20261004_v2_10epochs\R01_object_clip\results.json
object_clip,gru_forecast,10,R01,0.5284638994446068,0.32130813360974697,0.1388888888888889,0.14772727272727273,927,311,7.365935533016455e-05,meeting_20261004_v2_10epochs,D:\종합설계 프로젝트\local_experiments\runs\meeting_20261004_v2_10epochs\R01_object_clip\results.json
object_clip,spatial_temporal_equal,10,R01,0.6399757798471625,0.45213558233507267,0.4623287671232877,0.22402597402597402,927,311,2.341851066253889,meeting_20261004_v2_10epochs,D:\종합설계 프로젝트\local_experiments\runs\meeting_20261004_v2_10epochs\R01_object_clip\results.json
clip,embedding_pca,0,R02,0.7976198191192142,0.7203248867613837,0.4470046082949309,0.017214397496087636,1930,652,0.0031201173551380634,meeting_20261004_v2_10epochs,D:\종합설계 프로젝트\local_experiments\runs\meeting_20261004_v2_10epochs\R02_clip\results.json
clip,embedding_phase,0,R02,0.8101699837744942,0.7444918574344245,0.5289617486338798,0.01643192488262911,1930,652,0.0034456565976142784,meeting_20261004_v2_10epochs,D:\종합설계 프로젝트\local_experiments\runs\meeting_20261004_v2_10epochs\R02_clip\results.json
clip,embedding_phase_fallback,0,R02,0.8105108154036693,0.7483807749013448,0.5357917570498916,0.017996870109546165,1930,652,0.0032730288803577393,meeting_20261004_v2_10epochs,D:\종합설계 프로젝트\local_experiments\runs\meeting_20261004_v2_10epochs\R02_clip\results.json
clip,embedding_phase_process_equal,0,R02,0.7468515078199256,0.5996608981977761,0.11157601115760112,0.019561815336463225,1930,652,112.70150714337078,meeting_20261004_v2_10epochs,D:\종합설계 프로젝트\local_experiments\runs\meeting_20261004_v2_10epochs\R02_clip\results.json
clip,feature_ae,10,R02,0.6903976689036743,0.5514453105706167,0.07932011331444759,0.02034428794992175,1930,652,0.00018492256131139582,meeting_20261004_v2_10epochs,D:\종합설계 프로젝트\local_experiments\runs\meeting_20261004_v2_10epochs\R02_clip\results.json
clip,gru_forecast,10,R02,0.6663402363739355,0.521875700644399,0.04329004329004329,0.02034428794992175,1930,652,0.0003054573666304349,meeting_20261004_v2_10epochs,D:\종합설계 프로젝트\local_experiments\runs\meeting_20261004_v2_10epochs\R02_clip\results.json
clip,spatial_temporal_equal,10,R02,0.7675552291252628,0.7007790211787654,0.4413793103448276,0.02034428794992175,1930,652,11.001702479175663,meeting_20261004_v2_10epochs,D:\종합설계 프로젝트\local_experiments\runs\meeting_20261004_v2_10epochs\R02_clip\results.json
object_clip,embedding_pca,0,R02,0.7606119847921888,0.6739513629779831,0.14184397163120568,0.002347417840375587,1930,652,0.002960818586871028,meeting_20261004_v2_10epochs,D:\종합설계 프로젝트\local_experiments\runs\meeting_20261004_v2_10epochs\R02_object_clip\results.json
object_clip,object_crop_only_pca,0,R02,0.7608190040035715,0.6729534336585544,0.1878453038674033,0.003129890453834116,1930,652,0.002156354719772935,meeting_20261004_v2_10epochs,D:\종합설계 프로젝트\local_experiments\runs\meeting_20261004_v2_10epochs\R02_object_clip\results.json
object_clip,object_geometry_only_pca,0,R02,0.6047787234655375,0.4615437023503151,0.05263157894736842,0.010954616588419406,1930,652,0.0005131260841153562,meeting_20261004_v2_10epochs,D:\종합설계 프로젝트\local_experiments\runs\meeting_20261004_v2_10epochs\R02_object_clip\results.json
object_clip,embedding_phase,0,R02,0.7408347494647503,0.6570580604177375,0.15427769985974754,0.004694835680751174,1930,652,0.0038319952785968747,meeting_20261004_v2_10epochs,D:\종합설계 프로젝트\local_experiments\runs\meeting_20261004_v2_10epochs\R02_object_clip\results.json
object_clip,embedding_phase_fallback,0,R02,0.741718031433317,0.6632957798334764,0.1544943820224719,0.003912363067292645,1930,652,0.0038319952785968747,meeting_20261004_v2_10epochs,D:\종합설계 프로젝트\local_experiments\runs\meeting_20261004_v2_10epochs\R02_object_clip\results.json
object_clip,embedding_phase_process_equal,0,R02,0.6962434113885769,0.5563088544699292,0.07736389684813753,0.01486697965571205,1930,652,45.113509982777366,meeting_20261004_v2_10epochs,D:\종합설계 프로젝트\local_experiments\runs\meeting_20261004_v2_10epochs\R02_object_clip\results.json
object_clip,feature_ae,10,R02,0.7010678590973243,0.5102060173281853,0.014992503748125937,0.00782472613458529,1930,652,0.00013681423442903895,meeting_20261004_v2_10epochs,D:\종합설계 프로젝트\local_experiments\runs\meeting_20261004_v2_10epochs\R02_object_clip\results.json
object_clip,gru_forecast,10,R02,0.6705550275065526,0.486749855719525,0.020710059171597635,0.013302034428794992,1930,652,0.00015650914428988453,meeting_20261004_v2_10epochs,D:\종합설계 프로젝트\local_experiments\runs\meeting_20261004_v2_10epochs\R02_object_clip\results.json
object_clip,spatial_temporal_equal,10,R02,0.7218225851359006,0.6192829275824147,0.10647482014388489,0.004694835680751174,1930,652,13.39062701380253,meeting_20261004_v2_10epochs,D:\종합설계 프로젝트\local_experiments\runs\meeting_20261004_v2_10epochs\R02_object_clip\results.json
clip,embedding_pca,0,R03,0.674939411859675,0.5636750767138943,0.16122307157748436,0.03162737205290397,3007,1268,0.0032152847852557898,meeting_20261004_v2_10epochs,D:\종합설계 프로젝트\local_experiments\runs\meeting_20261004_v2_10epochs\R03_clip\results.json
clip,embedding_phase,0,R03,0.6720857376606084,0.5676418253753877,0.09433962264150944,0.025876940770557792,3007,1268,0.008620331287384039,meeting_20261004_v2_10epochs,D:\종합설계 프로젝트\local_experiments\runs\meeting_20261004_v2_10epochs\R03_clip\results.json
clip,embedding_phase_fallback,0,R03,0.6658423474820547,0.558416510092339,0.08454810495626822,0.02645198389879241,3007,1268,0.008035129308700574,meeting_20261004_v2_10epochs,D:\종합설계 프로젝트\local_experiments\runs\meeting_20261004_v2_10epochs\R03_clip\results.json
clip,embedding_phase_process_equal,0,R03,0.6266840872686903,0.5222504452629447,0.04704097116843703,0.010925819436457734,3007,1268,25.89726538498325,meeting_20261004_v2_10epochs,D:\종합설계 프로젝트\local_experiments\runs\meeting_20261004_v2_10epochs\R03_clip\results.json
clip,feature_ae,10,R03,0.6160705053667669,0.49405607712304966,0.024390243902439025,0.016101207590569294,3007,1268,0.00017053946619853384,meeting_20261004_v2_10epochs,D:\종합설계 프로젝트\local_experiments\runs\meeting_20261004_v2_10epochs\R03_clip\results.json
clip,gru_forecast,10,R03,0.5614772350039817,0.4566512609410957,0.01687116564417178,0.01437607820586544,3007,1268,0.00019892568932846196,meeting_20261004_v2_10epochs,D:\종합설계 프로젝트\local_experiments\runs\meeting_20261004_v2_10epochs\R03_clip\results.json
clip,spatial_temporal_equal,10,R03,0.6462536937904412,0.5342752638111514,0.07216494845360824,0.023576768257619323,3007,1268,6.395769778039905,meeting_20261004_v2_10epochs,D:\종합설계 프로젝트\local_experiments\runs\meeting_20261004_v2_10epochs\R03_clip\results.json
object_clip,embedding_pca,0,R03,0.7338845070320337,0.7015352791826944,0.0,0.0,3007,1268,0.014110296964645386,meeting_20261004_v2_10epochs,D:\종합설계 프로젝트\local_experiments\runs\meeting_20261004_v2_10epochs\R03_object_clip\results.json
object_clip,object_crop_only_pca,0,R03,0.7274068820145738,0.6976869248978982,0.17621776504297995,0.002875215641173088,3007,1268,0.002186048310250044,meeting_20261004_v2_10epochs,D:\종합설계 프로젝트\local_experiments\runs\meeting_20261004_v2_10epochs\R03_object_clip\results.json
object_clip,object_geometry_only_pca,0,R03,0.5680754920972385,0.48680811646864797,0.0,0.0,3007,1268,0.011069702915847301,meeting_20261004_v2_10epochs,D:\종합설계 프로젝트\local_experiments\runs\meeting_20261004_v2_10epochs\R03_object_clip\results.json
object_clip,embedding_phase,0,R03,0.7537692988646072,0.6960874990984338,0.0,0.0,3007,1268,0.014357945621013642,meeting_20261004_v2_10epochs,D:\종합설계 프로젝트\local_experiments\runs\meeting_20261004_v2_10epochs\R03_object_clip\results.json
object_clip,embedding_phase_fallback,0,R03,0.7539674801319878,0.6981139654944106,0.0,0.0,3007,1268,0.014182222783565521,meeting_20261004_v2_10epochs,D:\종합설계 프로젝트\local_experiments\runs\meeting_20261004_v2_10epochs\R03_object_clip\results.json
object_clip,embedding_phase_process_equal,0,R03,0.722531260033777,0.6207176936428636,0.061607813673929375,0.012650948821161587,3007,1268,47.53792766638628,meeting_20261004_v2_10epochs,D:\종합설계 프로젝트\local_experiments\runs\meeting_20261004_v2_10epochs\R03_object_clip\results.json
object_clip,feature_ae,10,R03,0.6216379477672181,0.5122413367450696,0.0,0.0023001725129384704,3007,1268,0.00016063718299847096,meeting_20261004_v2_10epochs,D:\종합설계 프로젝트\local_experiments\runs\meeting_20261004_v2_10epochs\R03_object_clip\results.json
object_clip,gru_forecast,10,R03,0.6003595380063599,0.4975125531623277,0.003137254901960784,0.002875215641173088,3007,1268,0.00018662971386220305,meeting_20261004_v2_10epochs,D:\종합설계 프로젝트\local_experiments\runs\meeting_20261004_v2_10epochs\R03_object_clip\results.json
object_clip,spatial_temporal_equal,10,R03,0.7040922390945883,0.6390579735460872,0.0,0.0,3007,1268,14.188773209164147,meeting_20261004_v2_10epochs,D:\종합설계 프로젝트\local_experiments\runs\meeting_20261004_v2_10epochs\R03_object_clip\results.json
clip,embedding_pca,0,R04,0.7190343632296983,0.7157377262963411,0.14478918058870327,0.02328159645232816,2047,1145,0.004242556635290384,meeting_20261004_v2_10epochs,D:\종합설계 프로젝트\local_experiments\runs\meeting_20261004_v2_10epochs\R04_clip\results.json
clip,embedding_phase,0,R04,0.6266636973634524,0.6489017323821517,0.01206896551724138,0.008869179600886918,2047,1145,0.012398588061332694,meeting_20261004_v2_10epochs,D:\종합설계 프로젝트\local_experiments\runs\meeting_20261004_v2_10epochs\R04_clip\results.json
clip,embedding_phase_fallback,0,R04,0.6296797993783829,0.6641063630175923,0.0034873583260680036,0.0,2047,1145,0.012398588061332694,meeting_20261004_v2_10epochs,D:\종합설계 프로젝트\local_experiments\runs\meeting_20261004_v2_10epochs\R04_clip\results.json
clip,embedding_phase_process_equal,0,R04,0.642180888660812,0.6666050044296974,0.03236797274275979,0.011086474501108648,2047,1145,3.0931710516294872,meeting_20261004_v2_10epochs,D:\종합설계 프로젝트\local_experiments\runs\meeting_20261004_v2_10epochs\R04_clip\results.json
clip,feature_ae,10,R04,0.5457532509028941,0.6000545114921957,0.05995004163197336,0.022172949002217297,2047,1145,0.00021701791556552033,meeting_20261004_v2_10epochs,D:\종합설계 프로젝트\local_experiments\runs\meeting_20261004_v2_10epochs\R04_clip\results.json
clip,gru_forecast,10,R04,0.4359405106556028,0.4986436166773589,0.003457216940363008,0.011086474501108648,2047,1145,0.00029796376824378965,meeting_20261004_v2_10epochs,D:\종합설계 프로젝트\local_experiments\runs\meeting_20261004_v2_10epochs\R04_clip\results.json
clip,spatial_temporal_equal,10,R04,0.5300564490361062,0.5904818566712393,0.0034873583260680036,0.0,2047,1145,4.314982328191635,meeting_20261004_v2_10epochs,D:\종합설계 프로젝트\local_experiments\runs\meeting_20261004_v2_10epochs\R04_clip\results.json
object_clip,embedding_pca,0,R04,0.7153298347195461,0.7059514514594568,0.06650041562759768,0.019955654101995565,2047,1145,0.002616498153656721,meeting_20261004_v2_10epochs,D:\종합설계 프로젝트\local_experiments\runs\meeting_20261004_v2_10epochs\R04_object_clip\results.json
object_clip,object_crop_only_pca,0,R04,0.7156997066199324,0.7120846849949783,0.0602510460251046,0.015521064301552107,2047,1145,0.0022968894336372614,meeting_20261004_v2_10epochs,D:\종합설계 프로젝트\local_experiments\runs\meeting_20261004_v2_10epochs\R04_object_clip\results.json
object_clip,object_geometry_only_pca,0,R04,0.5480847994267953,0.5942584478550132,0.013781223083548665,0.008869179600886918,2047,1145,0.001057967310771346,meeting_20261004_v2_10epochs,D:\종합설계 프로젝트\local_experiments\runs\meeting_20261004_v2_10epochs\R04_object_clip\results.json
object_clip,embedding_phase,0,R04,0.6126255095421141,0.616354076317753,0.046473029045643155,0.03547671840354767,2047,1145,0.0052864292263984656,meeting_20261004_v2_10epochs,D:\종합설계 프로젝트\local_experiments\runs\meeting_20261004_v2_10epochs\R04_object_clip\results.json
object_clip,embedding_phase_fallback,0,R04,0.615564151473194,0.6234557067367424,0.04837364470391994,0.02771618625277162,2047,1145,0.005009541660547252,meeting_20261004_v2_10epochs,D:\종합설계 프로젝트\local_experiments\runs\meeting_20261004_v2_10epochs\R04_object_clip\results.json
object_clip,embedding_phase_process_equal,0,R04,0.7008917592153294,0.6636519861757967,0.02557544757033248,0.014412416851441241,2047,1145,56.67962276844411,meeting_20261004_v2_10epochs,D:\종합설계 프로젝트\local_experiments\runs\meeting_20261004_v2_10epochs\R04_object_clip\results.json
object_clip,feature_ae,10,R04,0.4680312551438337,0.5401213451467779,0.023931623931623933,0.012195121951219513,2047,1145,0.00015704053745139383,meeting_20261004_v2_10epochs,D:\종합설계 프로젝트\local_experiments\runs\meeting_20261004_v2_10epochs\R04_object_clip\results.json
object_clip,gru_forecast,10,R04,0.37626913506133874,0.45412862310296837,0.001713796058269066,0.02328159645232816,2047,1145,0.00025002811802551147,meeting_20261004_v2_10epochs,D:\종합설계 프로젝트\local_experiments\runs\meeting_20261004_v2_10epochs\R04_object_clip\results.json
object_clip,spatial_temporal_equal,10,R04,0.43828464644312976,0.4982797372985881,0.031799163179916316,0.03436807095343681,2047,1145,2.557464724456159,meeting_20261004_v2_10epochs,D:\종합설계 프로젝트\local_experiments\runs\meeting_20261004_v2_10epochs\R04_object_clip\results.json
clip,embedding_pca,0,R01,0.6973942456257568,0.45516335856545725,0.5454545454545454,0.4172077922077922,927,311,0.0012818939285352826,meeting_20261004_v2_5epochs,D:\종합설계 프로젝트\local_experiments\runs\meeting_20261004_v2_5epochs\R01_clip\results.json
clip,embedding_phase,0,R01,0.5304631060258069,0.3635388804500145,0.3723404255319149,0.48863636363636365,927,311,0.002812327230349184,meeting_20261004_v2_5epochs,D:\종합설계 프로젝트\local_experiments\runs\meeting_20261004_v2_5epochs\R01_clip\results.json
clip,embedding_phase_fallback,0,R01,0.46971958909257944,0.2959761899869487,0.047493403693931395,0.09577922077922078,927,311,0.002812327230349184,meeting_20261004_v2_5epochs,D:\종합설계 프로젝트\local_experiments\runs\meeting_20261004_v2_5epochs\R01_clip\results.json
clip,embedding_phase_process_equal,0,R01,0.5019313483943709,0.3171540157523225,0.0794044665012407,0.12337662337662338,927,311,3.706174241534505,meeting_20261004_v2_5epochs,D:\종합설계 프로젝트\local_experiments\runs\meeting_20261004_v2_5epochs\R01_clip\results.json
clip,feature_ae,5,R01,0.5332661711279074,0.31826267010696685,0.4961411245865491,0.6022727272727273,927,311,6.0638331451627894e-05,meeting_20261004_v2_5epochs,D:\종합설계 프로젝트\local_experiments\runs\meeting_20261004_v2_5epochs\R01_clip\results.json
clip,gru_forecast,5,R01,0.49747880736626715,0.3019638665138762,0.425273390036452,0.547077922077922,927,311,6.633782861172222e-05,meeting_20261004_v2_5epochs,D:\종합설계 프로젝트\local_experiments\runs\meeting_20261004_v2_5epochs\R01_clip\results.json
clip,spatial_temporal_equal,5,R01,0.4300173299369441,0.2787918897929639,0.051643192488262914,0.16883116883116883,927,311,4.340088637975246,meeting_20261004_v2_5epochs,D:\종합설계 프로젝트\local_experiments\runs\meeting_20261004_v2_5epochs\R01_clip\results.json
object_clip,embedding_pca,0,R01,0.686181985217355,0.4731145703713333,0.04776119402985075,0.025974025974025976,927,311,0.0017488792072981596,meeting_20261004_v2_5epochs,D:\종합설계 프로젝트\local_experiments\runs\meeting_20261004_v2_5epochs\R01_object_clip\results.json
object_clip,object_crop_only_pca,0,R01,0.6677819768655782,0.4669493489231059,0.2543640897755611,0.0633116883116883,927,311,0.0009854653617367148,meeting_20261004_v2_5epochs,D:\종합설계 프로젝트\local_experiments\runs\meeting_20261004_v2_5epochs\R01_object_clip\results.json
object_clip,object_geometry_only_pca,0,R01,0.5355394203866872,0.31820568370991564,0.0,0.00974025974025974,927,311,0.0007691052160225809,meeting_20261004_v2_5epochs,D:\종합설계 프로젝트\local_experiments\runs\meeting_20261004_v2_5epochs\R01_object_clip\results.json
object_clip,embedding_phase,0,R01,0.6415521777258112,0.44949732510085594,0.3709677419354839,0.15097402597402598,927,311,0.002418638607487084,meeting_20261004_v2_5epochs,D:\종합설계 프로젝트\local_experiments\runs\meeting_20261004_v2_5epochs\R01_object_clip\results.json
object_clip,embedding_phase_fallback,0,R01,0.6725894684094041,0.481517400751284,0.3593073593073593,0.11038961038961038,927,311,0.002418638607487084,meeting_20261004_v2_5epochs,D:\종합설계 프로젝트\local_experiments\runs\meeting_20261004_v2_5epochs\R01_object_clip\results.json
object_clip,embedding_phase_process_equal,0,R01,0.5777550423852675,0.36416822661838644,0.0471976401179941,0.032467532467532464,927,311,16.357744050492162,meeting_20261004_v2_5epochs,D:\종합설계 프로젝트\local_experiments\runs\meeting_20261004_v2_5epochs\R01_object_clip\results.json
object_clip,feature_ae,5,R01,0.5281768071157138,0.319373629956222,0.05569620253164557,0.1185064935064935,927,311,8.197624512831682e-05,meeting_20261004_v2_5epochs,D:\종합설계 프로젝트\local_experiments\runs\meeting_20261004_v2_5epochs\R01_object_clip\results.json
object_clip,gru_forecast,5,R01,0.5276026224579279,0.3270302595562526,0.08762886597938144,0.09740259740259741,927,311,9.067200619028882e-05,meeting_20261004_v2_5epochs,D:\종합설계 프로젝트\local_experiments\runs\meeting_20261004_v2_5epochs\R01_object_clip\results.json
object_clip,spatial_temporal_equal,5,R01,0.6489017413454712,0.45734542765177666,0.44563279857397503,0.20292207792207792,927,311,2.2922584282958116,meeting_20261004_v2_5epochs,D:\종합설계 프로젝트\local_experiments\runs\meeting_20261004_v2_5epochs\R01_object_clip\results.json
clip,embedding_pca,0,R02,0.7976198191192142,0.7203248867613837,0.4470046082949309,0.017214397496087636,1930,652,0.0031201173551380634,meeting_20261004_v2_5epochs,D:\종합설계 프로젝트\local_experiments\runs\meeting_20261004_v2_5epochs\R02_clip\results.json
clip,embedding_phase,0,R02,0.8101699837744942,0.7444918574344245,0.5289617486338798,0.01643192488262911,1930,652,0.0034456565976142784,meeting_20261004_v2_5epochs,D:\종합설계 프로젝트\local_experiments\runs\meeting_20261004_v2_5epochs\R02_clip\results.json
clip,embedding_phase_fallback,0,R02,0.8105108154036693,0.7483807749013448,0.5357917570498916,0.017996870109546165,1930,652,0.0032730288803577393,meeting_20261004_v2_5epochs,D:\종합설계 프로젝트\local_experiments\runs\meeting_20261004_v2_5epochs\R02_clip\results.json
clip,embedding_phase_process_equal,0,R02,0.7468515078199256,0.5996608981977761,0.11157601115760112,0.019561815336463225,1930,652,112.70150714337078,meeting_20261004_v2_5epochs,D:\종합설계 프로젝트\local_experiments\runs\meeting_20261004_v2_5epochs\R02_clip\results.json
clip,feature_ae,5,R02,0.6372483366456407,0.4908425722624212,0.05714285714285714,0.02190923317683881,1930,652,0.00025944041117327283,meeting_20261004_v2_5epochs,D:\종합설계 프로젝트\local_experiments\runs\meeting_20261004_v2_5epochs\R02_clip\results.json
clip,gru_forecast,5,R02,0.62281579730599,0.46758399904432396,0.04878048780487805,0.02190923317683881,1930,652,0.0002969818655401468,meeting_20261004_v2_5epochs,D:\종합설계 프로젝트\local_experiments\runs\meeting_20261004_v2_5epochs\R02_clip\results.json
clip,spatial_temporal_equal,5,R02,0.7670499822383517,0.7078747492164128,0.4769403824521935,0.019561815336463225,1930,652,8.990833577223963,meeting_20261004_v2_5epochs,D:\종합설계 프로젝트\local_experiments\runs\meeting_20261004_v2_5epochs\R02_clip\results.json
object_clip,embedding_pca,0,R02,0.7606119847921888,0.6739513629779831,0.14184397163120568,0.002347417840375587,1930,652,0.002960818586871028,meeting_20261004_v2_5epochs,D:\종합설계 프로젝트\local_experiments\runs\meeting_20261004_v2_5epochs\R02_object_clip\results.json
object_clip,object_crop_only_pca,0,R02,0.7608190040035715,0.6729534336585544,0.1878453038674033,0.003129890453834116,1930,652,0.002156354719772935,meeting_20261004_v2_5epochs,D:\종합설계 프로젝트\local_experiments\runs\meeting_20261004_v2_5epochs\R02_object_clip\results.json
object_clip,object_geometry_only_pca,0,R02,0.6047787234655375,0.4615437023503151,0.05263157894736842,0.010954616588419406,1930,652,0.0005131260841153562,meeting_20261004_v2_5epochs,D:\종합설계 프로젝트\local_experiments\runs\meeting_20261004_v2_5epochs\R02_object_clip\results.json
object_clip,embedding_phase,0,R02,0.7408347494647503,0.6570580604177375,0.15427769985974754,0.004694835680751174,1930,652,0.0038319952785968747,meeting_20261004_v2_5epochs,D:\종합설계 프로젝트\local_experiments\runs\meeting_20261004_v2_5epochs\R02_object_clip\results.json
object_clip,embedding_phase_fallback,0,R02,0.741718031433317,0.6632957798334764,0.1544943820224719,0.003912363067292645,1930,652,0.0038319952785968747,meeting_20261004_v2_5epochs,D:\종합설계 프로젝트\local_experiments\runs\meeting_20261004_v2_5epochs\R02_object_clip\results.json
object_clip,embedding_phase_process_equal,0,R02,0.6962434113885769,0.5563088544699292,0.07736389684813753,0.01486697965571205,1930,652,45.113509982777366,meeting_20261004_v2_5epochs,D:\종합설계 프로젝트\local_experiments\runs\meeting_20261004_v2_5epochs\R02_object_clip\results.json
object_clip,feature_ae,5,R02,0.5673010455370258,0.377731603859015,0.014925373134328358,0.010172143974960876,1930,652,0.00018830762564903122,meeting_20261004_v2_5epochs,D:\종합설계 프로젝트\local_experiments\runs\meeting_20261004_v2_5epochs\R02_object_clip\results.json
object_clip,gru_forecast,5,R02,0.5717618595005617,0.3827864683314459,0.014925373134328358,0.010172143974960876,1930,652,0.00018080970839946518,meeting_20261004_v2_5epochs,D:\종합설계 프로젝트\local_experiments\runs\meeting_20261004_v2_5epochs\R02_object_clip\results.json
object_clip,spatial_temporal_equal,5,R02,0.7102667127509433,0.6265620626794177,0.1174785100286533,0.003912363067292645,1930,652,11.745260855372214,meeting_20261004_v2_5epochs,D:\종합설계 프로젝트\local_experiments\runs\meeting_20261004_v2_5epochs\R02_object_clip\results.json
clip,embedding_pca,0,R03,0.674939411859675,0.5636750767138943,0.16122307157748436,0.03162737205290397,3007,1268,0.0032152847852557898,meeting_20261004_v2_5epochs,D:\종합설계 프로젝트\local_experiments\runs\meeting_20261004_v2_5epochs\R03_clip\results.json
clip,embedding_phase,0,R03,0.6720857376606084,0.5676418253753877,0.09433962264150944,0.025876940770557792,3007,1268,0.008620331287384039,meeting_20261004_v2_5epochs,D:\종합설계 프로젝트\local_experiments\runs\meeting_20261004_v2_5epochs\R03_clip\results.json
clip,embedding_phase_fallback,0,R03,0.6658423474820547,0.558416510092339,0.08454810495626822,0.02645198389879241,3007,1268,0.008035129308700574,meeting_20261004_v2_5epochs,D:\종합설계 프로젝트\local_experiments\runs\meeting_20261004_v2_5epochs\R03_clip\results.json
clip,embedding_phase_process_equal,0,R03,0.6266840872686903,0.5222504452629447,0.04704097116843703,0.010925819436457734,3007,1268,25.89726538498325,meeting_20261004_v2_5epochs,D:\종합설계 프로젝트\local_experiments\runs\meeting_20261004_v2_5epochs\R03_clip\results.json
clip,feature_ae,5,R03,0.493400155642588,0.4280298803384094,0.0015564202334630351,0.009200690051753882,3007,1268,0.00025882511516101664,meeting_20261004_v2_5epochs,D:\종합설계 프로젝트\local_experiments\runs\meeting_20261004_v2_5epochs\R03_clip\results.json
clip,gru_forecast,5,R03,0.49047936284495786,0.4244981454793288,0.006191950464396285,0.011500862564692352,3007,1268,0.00024094200809486214,meeting_20261004_v2_5epochs,D:\종합설계 프로젝트\local_experiments\runs\meeting_20261004_v2_5epochs\R03_clip\results.json
clip,spatial_temporal_equal,5,R03,0.6253149585588004,0.5281027530139184,0.0638930163447251,0.020126509488211614,3007,1268,6.6525308404028625,meeting_20261004_v2_5epochs,D:\종합설계 프로젝트\local_experiments\runs\meeting_20261004_v2_5epochs\R03_clip\results.json
object_clip,embedding_pca,0,R03,0.7338845070320337,0.7015352791826944,0.0,0.0,3007,1268,0.014110296964645386,meeting_20261004_v2_5epochs,D:\종합설계 프로젝트\local_experiments\runs\meeting_20261004_v2_5epochs\R03_object_clip\results.json
object_clip,object_crop_only_pca,0,R03,0.7274068820145738,0.6976869248978982,0.17621776504297995,0.002875215641173088,3007,1268,0.002186048310250044,meeting_20261004_v2_5epochs,D:\종합설계 프로젝트\local_experiments\runs\meeting_20261004_v2_5epochs\R03_object_clip\results.json
object_clip,object_geometry_only_pca,0,R03,0.5680754920972385,0.48680811646864797,0.0,0.0,3007,1268,0.011069702915847301,meeting_20261004_v2_5epochs,D:\종합설계 프로젝트\local_experiments\runs\meeting_20261004_v2_5epochs\R03_object_clip\results.json
object_clip,embedding_phase,0,R03,0.7537692988646072,0.6960874990984338,0.0,0.0,3007,1268,0.014357945621013642,meeting_20261004_v2_5epochs,D:\종합설계 프로젝트\local_experiments\runs\meeting_20261004_v2_5epochs\R03_object_clip\results.json
object_clip,embedding_phase_fallback,0,R03,0.7539674801319878,0.6981139654944106,0.0,0.0,3007,1268,0.014182222783565521,meeting_20261004_v2_5epochs,D:\종합설계 프로젝트\local_experiments\runs\meeting_20261004_v2_5epochs\R03_object_clip\results.json
object_clip,embedding_phase_process_equal,0,R03,0.722531260033777,0.6207176936428636,0.061607813673929375,0.012650948821161587,3007,1268,47.53792766638628,meeting_20261004_v2_5epochs,D:\종합설계 프로젝트\local_experiments\runs\meeting_20261004_v2_5epochs\R03_object_clip\results.json
object_clip,feature_ae,5,R03,0.5791044837037856,0.47680619815162295,0.006264682850430697,0.002875215641173088,3007,1268,0.00021110876579768956,meeting_20261004_v2_5epochs,D:\종합설계 프로젝트\local_experiments\runs\meeting_20261004_v2_5epochs\R03_object_clip\results.json
object_clip,gru_forecast,5,R03,0.5586888653873014,0.4567057322196769,0.004702194357366771,0.002875215641173088,3007,1268,0.00021069359034299852,meeting_20261004_v2_5epochs,D:\종합설계 프로젝트\local_experiments\runs\meeting_20261004_v2_5epochs\R03_object_clip\results.json
object_clip,spatial_temporal_equal,5,R03,0.6909732740996584,0.6261495197767529,0.0,0.0,3007,1268,13.718108478949791,meeting_20261004_v2_5epochs,D:\종합설계 프로젝트\local_experiments\runs\meeting_20261004_v2_5epochs\R03_object_clip\results.json
clip,embedding_pca,0,R04,0.7190343632296983,0.7157377262963411,0.14478918058870327,0.02328159645232816,2047,1145,0.004242556635290384,meeting_20261004_v2_5epochs,D:\종합설계 프로젝트\local_experiments\runs\meeting_20261004_v2_5epochs\R04_clip\results.json
clip,embedding_phase,0,R04,0.6266636973634524,0.6489017323821517,0.01206896551724138,0.008869179600886918,2047,1145,0.012398588061332694,meeting_20261004_v2_5epochs,D:\종합설계 프로젝트\local_experiments\runs\meeting_20261004_v2_5epochs\R04_clip\results.json
clip,embedding_phase_fallback,0,R04,0.6296797993783829,0.6641063630175923,0.0034873583260680036,0.0,2047,1145,0.012398588061332694,meeting_20261004_v2_5epochs,D:\종합설계 프로젝트\local_experiments\runs\meeting_20261004_v2_5epochs\R04_clip\results.json
clip,embedding_phase_process_equal,0,R04,0.642180888660812,0.6666050044296974,0.03236797274275979,0.011086474501108648,2047,1145,3.0931710516294872,meeting_20261004_v2_5epochs,D:\종합설계 프로젝트\local_experiments\runs\meeting_20261004_v2_5epochs\R04_clip\results.json
clip,feature_ae,5,R04,0.4169928058947124,0.4866665769273789,0.0137221269296741,0.014412416851441241,2047,1145,0.00033361656358465546,meeting_20261004_v2_5epochs,D:\종합설계 프로젝트\local_experiments\runs\meeting_20261004_v2_5epochs\R04_clip\results.json
clip,gru_forecast,5,R04,0.4080858645029483,0.47307698594671715,0.0017241379310344827,0.015521064301552107,2047,1145,0.0003588701109401881,meeting_20261004_v2_5epochs,D:\종합설계 프로젝트\local_experiments\runs\meeting_20261004_v2_5epochs\R04_clip\results.json
clip,spatial_temporal_equal,5,R04,0.4984275602978341,0.5584657316626263,0.0,0.0,2047,1145,4.540032816779045,meeting_20261004_v2_5epochs,D:\종합설계 프로젝트\local_experiments\runs\meeting_20261004_v2_5epochs\R04_clip\results.json
object_clip,embedding_pca,0,R04,0.7153298347195461,0.7059514514594568,0.06650041562759768,0.019955654101995565,2047,1145,0.002616498153656721,meeting_20261004_v2_5epochs,D:\종합설계 프로젝트\local_experiments\runs\meeting_20261004_v2_5epochs\R04_object_clip\results.json
object_clip,object_crop_only_pca,0,R04,0.7156997066199324,0.7120846849949783,0.0602510460251046,0.015521064301552107,2047,1145,0.0022968894336372614,meeting_20261004_v2_5epochs,D:\종합설계 프로젝트\local_experiments\runs\meeting_20261004_v2_5epochs\R04_object_clip\results.json
object_clip,object_geometry_only_pca,0,R04,0.5480847994267953,0.5942584478550132,0.013781223083548665,0.008869179600886918,2047,1145,0.001057967310771346,meeting_20261004_v2_5epochs,D:\종합설계 프로젝트\local_experiments\runs\meeting_20261004_v2_5epochs\R04_object_clip\results.json
object_clip,embedding_phase,0,R04,0.6126255095421141,0.616354076317753,0.046473029045643155,0.03547671840354767,2047,1145,0.0052864292263984656,meeting_20261004_v2_5epochs,D:\종합설계 프로젝트\local_experiments\runs\meeting_20261004_v2_5epochs\R04_object_clip\results.json
object_clip,embedding_phase_fallback,0,R04,0.615564151473194,0.6234557067367424,0.04837364470391994,0.02771618625277162,2047,1145,0.005009541660547252,meeting_20261004_v2_5epochs,D:\종합설계 프로젝트\local_experiments\runs\meeting_20261004_v2_5epochs\R04_object_clip\results.json
object_clip,embedding_phase_process_equal,0,R04,0.7008917592153294,0.6636519861757967,0.02557544757033248,0.014412416851441241,2047,1145,56.67962276844411,meeting_20261004_v2_5epochs,D:\종합설계 프로젝트\local_experiments\runs\meeting_20261004_v2_5epochs\R04_object_clip\results.json
object_clip,feature_ae,5,R04,0.3863331364556203,0.4619468022023864,0.008547008547008548,0.022172949002217297,2047,1145,0.00022280518780462438,meeting_20261004_v2_5epochs,D:\종합설계 프로젝트\local_experiments\runs\meeting_20261004_v2_5epochs\R04_object_clip\results.json
object_clip,gru_forecast,5,R04,0.38105713649435025,0.45640223260579915,0.0017167381974248926,0.02106430155210643,2047,1145,0.0002529230981599539,meeting_20261004_v2_5epochs,D:\종합설계 프로젝트\local_experiments\runs\meeting_20261004_v2_5epochs\R04_object_clip\results.json
object_clip,spatial_temporal_equal,5,R04,0.44573824301164805,0.5052452290913195,0.03833333333333333,0.03547671840354767,2047,1145,2.396409892341803,meeting_20261004_v2_5epochs,D:\종합설계 프로젝트\local_experiments\runs\meeting_20261004_v2_5epochs\R04_object_clip\results.json
clip,semantic_phase_pca,0,R01,0.6955150958366392,0.4529406252513828,0.5552763819095478,0.42857142857142855,927,311,0.0012678307248279452,meeting_20261004_v2_semantic,D:\종합설계 프로젝트\local_experiments\runs\meeting_20261004_v2_semantic\R01_clip\results.json
clip,semantic_phase_fallback,0,R01,0.6956638618616111,0.4530845776206456,0.5527638190954773,0.4301948051948052,927,311,0.0012678307248279452,meeting_20261004_v2_semantic,D:\종합설계 프로젝트\local_experiments\runs\meeting_20261004_v2_semantic\R01_clip\results.json
clip,semantic_transition_only,0,R01,0.6223039420386688,0.4149359371222864,0.4984126984126984,0.262987012987013,927,311,0.008632191715932734,meeting_20261004_v2_semantic,D:\종합설계 프로젝트\local_experiments\runs\meeting_20261004_v2_semantic\R01_clip\results.json
clip,semantic_visual_process_equal,0,R01,0.7081810874013447,0.4775733273786041,0.5836139169472503,0.5194805194805194,927,311,3.5892416191101186,meeting_20261004_v2_semantic,D:\종합설계 프로젝트\local_experiments\runs\meeting_20261004_v2_semantic\R01_clip\results.json
object_clip,semantic_phase_pca,0,R01,0.6705067440597987,0.4243980833280104,0.3373015873015873,0.17532467532467533,927,311,0.0030892398208379745,meeting_20261004_v2_semantic,D:\종합설계 프로젝트\local_experiments\runs\meeting_20261004_v2_semantic\R01_object_clip\results.json
object_clip,semantic_phase_fallback,0,R01,0.6339259614983087,0.4188616220116482,0.3354564755838641,0.1314935064935065,927,311,0.0028516515158116817,meeting_20261004_v2_semantic,D:\종합설계 프로젝트\local_experiments\runs\meeting_20261004_v2_semantic\R01_object_clip\results.json
object_clip,semantic_transition_only,0,R01,0.5473206455923498,0.3650972030775797,0.08,0.040584415584415584,927,311,3.6205596355393355,meeting_20261004_v2_semantic,D:\종합설계 프로젝트\local_experiments\runs\meeting_20261004_v2_semantic\R01_object_clip\results.json
object_clip,semantic_visual_process_equal,0,R01,0.6145498392282959,0.3825709500921184,0.09703504043126684,0.06818181818181818,927,311,11.239068699124978,meeting_20261004_v2_semantic,D:\종합설계 프로젝트\local_experiments\runs\meeting_20261004_v2_semantic\R01_object_clip\results.json
clip,semantic_phase_pca,0,R02,0.7959330625882082,0.7358474238133083,0.5226019845644984,0.014084507042253521,1930,652,0.0035589030012488365,meeting_20261004_v2_semantic,D:\종합설계 프로젝트\local_experiments\runs\meeting_20261004_v2_semantic\R02_clip\results.json
clip,semantic_phase_fallback,0,R02,0.7981238658947549,0.735285966024407,0.5224043715846994,0.018779342723004695,1930,652,0.0030302926898002625,meeting_20261004_v2_semantic,D:\종합설계 프로젝트\local_experiments\runs\meeting_20261004_v2_semantic\R02_clip\results.json
clip,semantic_transition_only,0,R02,0.6119979934137888,0.4126569837098888,0.00916030534351145,0.0,1930,652,4.187572956887967,meeting_20261004_v2_semantic,D:\종합설계 프로젝트\local_experiments\runs\meeting_20261004_v2_semantic\R02_clip\results.json
clip,semantic_visual_process_equal,0,R02,0.7644043367224479,0.6046980069716019,0.04154302670623145,0.006259780907668232,1930,652,29.88091859864854,meeting_20261004_v2_semantic,D:\종합설계 프로젝트\local_experiments\runs\meeting_20261004_v2_semantic\R02_clip\results.json
object_clip,semantic_phase_pca,0,R02,0.7473831571569841,0.6533686328918876,0.18982118294360384,0.004694835680751174,1930,652,0.0028824948240071535,meeting_20261004_v2_semantic,D:\종합설계 프로젝트\local_experiments\runs\meeting_20261004_v2_semantic\R02_object_clip\results.json
object_clip,semantic_phase_fallback,0,R02,0.747447363115297,0.6610119690784173,0.1601123595505618,0.002347417840375587,1930,652,0.0028824948240071535,meeting_20261004_v2_semantic,D:\종합설계 프로젝트\local_experiments\runs\meeting_20261004_v2_semantic\R02_object_clip\results.json
object_clip,semantic_transition_only,0,R02,0.4903523046938756,0.33739747023800093,0.0,0.0,1930,652,4.033997042682066,meeting_20261004_v2_semantic,D:\종합설계 프로젝트\local_experiments\runs\meeting_20261004_v2_semantic\R02_object_clip\results.json
object_clip,semantic_visual_process_equal,0,R02,0.6815066438165462,0.4492660322181272,0.043478260869565216,0.017996870109546165,1930,652,200781943.91435927,meeting_20261004_v2_semantic,D:\종합설계 프로젝트\local_experiments\runs\meeting_20261004_v2_semantic\R02_object_clip\results.json
clip,semantic_phase_pca,0,R03,0.6162947631166975,0.48617424059567166,0.012412723041117145,0.007475560667050029,3007,1268,0.015884287655353546,meeting_20261004_v2_semantic,D:\종합설계 프로젝트\local_experiments\runs\meeting_20261004_v2_semantic\R03_clip\results.json
clip,semantic_phase_fallback,0,R03,0.6588996540671149,0.5345593465430178,0.19270833333333334,0.06900517538815411,3007,1268,0.003292808774858713,meeting_20261004_v2_semantic,D:\종합설계 프로젝트\local_experiments\runs\meeting_20261004_v2_semantic\R03_clip\results.json
clip,semantic_transition_only,0,R03,0.47096508381661745,0.4167301435488389,0.004720692368214005,0.0,3007,1268,4.413275674607803,meeting_20261004_v2_semantic,D:\종합설계 프로젝트\local_experiments\runs\meeting_20261004_v2_semantic\R03_clip\results.json
clip,semantic_visual_process_equal,0,R03,0.6095144241496346,0.47496552775515855,0.004720692368214005,0.0,3007,1268,219800068.54178184,meeting_20261004_v2_semantic,D:\종합설계 프로젝트\local_experiments\runs\meeting_20261004_v2_semantic\R03_clip\results.json
object_clip,semantic_phase_pca,0,R03,0.712591131637712,0.623087386728489,0.0,0.0,3007,1268,0.10277742147445679,meeting_20261004_v2_semantic,D:\종합설계 프로젝트\local_experiments\runs\meeting_20261004_v2_semantic\R03_object_clip\results.json
object_clip,semantic_phase_fallback,0,R03,0.7246400538400002,0.6684806439399417,0.024864024864024864,0.0017251293847038527,3007,1268,0.01453424897044897,meeting_20261004_v2_semantic,D:\종합설계 프로젝트\local_experiments\runs\meeting_20261004_v2_semantic\R03_object_clip\results.json
object_clip,semantic_transition_only,0,R03,0.44387842100775854,0.39501588878304894,0.006269592476489028,0.0023001725129384704,3007,1268,4.508659285607248,meeting_20261004_v2_semantic,D:\종합설계 프로젝트\local_experiments\runs\meeting_20261004_v2_semantic\R03_object_clip\results.json
object_clip,semantic_visual_process_equal,0,R03,0.6318216078350987,0.5073600275978701,0.007757951900698216,0.009200690051753882,3007,1268,191.36741889756448,meeting_20261004_v2_semantic,D:\종합설계 프로젝트\local_experiments\runs\meeting_20261004_v2_semantic\R03_object_clip\results.json
clip,semantic_phase_pca,0,R04,0.6540545512640518,0.6672331943749898,0.015463917525773196,0.011086474501108648,2047,1145,0.014258051291108131,meeting_20261004_v2_semantic,D:\종합설계 프로젝트\local_experiments\runs\meeting_20261004_v2_semantic\R04_clip\results.json
clip,semantic_phase_fallback,0,R04,0.6295098713194357,0.6481942573862938,0.0103359173126615,0.011086474501108648,2047,1145,0.014258051291108131,meeting_20261004_v2_semantic,D:\종합설계 프로젝트\local_experiments\runs\meeting_20261004_v2_semantic\R04_clip\results.json
clip,semantic_transition_only,0,R04,0.6968648031061494,0.6690570568830604,0.008658008658008658,0.005543237250554324,2047,1145,3.1473680196445017,meeting_20261004_v2_semantic,D:\종합설계 프로젝트\local_experiments\runs\meeting_20261004_v2_semantic\R04_clip\results.json
clip,semantic_visual_process_equal,0,R04,0.6565603849766167,0.6545312102977919,0.035623409669211195,0.014412416851441241,2047,1145,14.406491530066456,meeting_20261004_v2_semantic,D:\종합설계 프로젝트\local_experiments\runs\meeting_20261004_v2_semantic\R04_clip\results.json
object_clip,semantic_phase_pca,0,R04,0.5484096476534436,0.5657732428858664,0.04078164825828377,0.008869179600886918,2047,1145,0.008655671030282974,meeting_20261004_v2_semantic,D:\종합설계 프로젝트\local_experiments\runs\meeting_20261004_v2_semantic\R04_object_clip\results.json
object_clip,semantic_phase_fallback,0,R04,0.5450014039640199,0.5513265331991835,0.036243822075782535,0.052106430155210645,2047,1145,0.003788850037381053,meeting_20261004_v2_semantic,D:\종합설계 프로젝트\local_experiments\runs\meeting_20261004_v2_semantic\R04_object_clip\results.json
object_clip,semantic_transition_only,0,R04,0.3601080568169715,0.5694888721768966,0.0017406440382941688,0.0033259423503325942,2047,1145,3.853634687189992,meeting_20261004_v2_semantic,D:\종합설계 프로젝트\local_experiments\runs\meeting_20261004_v2_semantic\R04_object_clip\results.json
object_clip,semantic_visual_process_equal,0,R04,0.4627344377850289,0.5151559390725658,0.03577512776831346,0.008869179600886918,2047,1145,191545503.57825777,meeting_20261004_v2_semantic,D:\종합설계 프로젝트\local_experiments\runs\meeting_20261004_v2_semantic\R04_object_clip\results.json
dino,embedding_pca,0,R01,0.8179208251555519,0.5898925008740221,0.5732718894009217,0.7516233766233766,927,311,0.00225040758959949,meeting_20261004_v3_10epochs,D:\종합설계 프로젝트\local_experiments\runs\meeting_20261004_v3_10epochs\R01_dino\results.json
dino,embedding_phase,0,R01,0.8197790955025682,0.5785565096066747,0.5823970037453183,0.724025974025974,927,311,0.006299766190350057,meeting_20261004_v3_10epochs,D:\종합설계 프로젝트\local_experiments\runs\meeting_20261004_v3_10epochs\R01_dino\results.json
dino,embedding_phase_fallback,0,R01,0.8048816135632857,0.5612858267462537,0.678298800436205,0.4788961038961039,927,311,0.00587555330246687,meeting_20261004_v3_10epochs,D:\종합설계 프로젝트\local_experiments\runs\meeting_20261004_v3_10epochs\R01_dino\results.json
dino,embedding_phase_process_equal,0,R01,0.7071867039712699,0.4241842896218152,0.056338028169014086,0.05519480519480519,927,311,12.51600811557028,meeting_20261004_v3_10epochs,D:\종합설계 프로젝트\local_experiments\runs\meeting_20261004_v3_10epochs\R01_dino\results.json
dino,patch_global,0,R01,0.7680424479057919,0.5460463133341639,0.21705426356589147,0.05519480519480519,927,311,222.11492050170898,meeting_20261004_v3_10epochs,D:\종합설계 프로젝트\local_experiments\runs\meeting_20261004_v3_10epochs\R01_dino\results.json
dino,patch_phase,0,R01,0.6225623251346725,0.3854365534253287,0.0,0.00487012987012987,927,311,256.0875674438478,meeting_20261004_v3_10epochs,D:\종합설계 프로젝트\local_experiments\runs\meeting_20261004_v3_10epochs\R01_dino\results.json
dino,patch_phase_fallback,0,R01,0.7608546999624171,0.5373269646257959,0.006389776357827476,0.0016233766233766235,927,311,256.0875674438478,meeting_20261004_v3_10epochs,D:\종합설계 프로젝트\local_experiments\runs\meeting_20261004_v3_10epochs\R01_dino\results.json
dino,patch_phase_process_equal,0,R01,0.6876644256065477,0.4181150547942435,0.029585798816568046,0.03571428571428571,927,311,12.292138597565298,meeting_20261004_v3_10epochs,D:\종합설계 프로젝트\local_experiments\runs\meeting_20261004_v3_10epochs\R01_dino\results.json
dino,feature_ae,10,R01,0.7929751117050152,0.5371252227162131,0.5940783190066857,0.689935064935065,927,311,0.00021966722139040942,meeting_20261004_v3_10epochs,D:\종합설계 프로젝트\local_experiments\runs\meeting_20261004_v3_10epochs\R01_dino\results.json
dino,gru_forecast,10,R01,0.7768822817054328,0.5130502312505745,0.5856873822975518,0.7142857142857143,927,311,0.00021122096775798128,meeting_20261004_v3_10epochs,D:\종합설계 프로젝트\local_experiments\runs\meeting_20261004_v3_10epochs\R01_dino\results.json
dino,spatial_temporal_equal,10,R01,0.795318829080887,0.5377956462524385,0.5923809523809523,0.6948051948051948,927,311,1.4837391259436399,meeting_20261004_v3_10epochs,D:\종합설계 프로젝트\local_experiments\runs\meeting_20261004_v3_10epochs\R01_dino\results.json
dino,embedding_pca,0,R02,0.8204141344316752,0.743682497131734,0.526775956284153,0.017214397496087636,1930,652,0.011814671568572521,meeting_20261004_v3_10epochs,D:\종합설계 프로젝트\local_experiments\runs\meeting_20261004_v3_10epochs\R02_dino\results.json
dino,embedding_phase,0,R02,0.8309031078084047,0.7536646483625109,0.5656350053361793,0.01564945226917058,1930,652,0.009103648364543897,meeting_20261004_v3_10epochs,D:\종합설계 프로젝트\local_experiments\runs\meeting_20261004_v3_10epochs\R02_dino\results.json
dino,embedding_phase_fallback,0,R02,0.8299934233896905,0.7491570652240396,0.5256270447110142,0.018779342723004695,1930,652,0.010151037573814333,meeting_20261004_v3_10epochs,D:\종합설계 프로젝트\local_experiments\runs\meeting_20261004_v3_10epochs\R02_dino\results.json
dino,embedding_phase_process_equal,0,R02,0.7907041773476579,0.6312847203589891,0.06866952789699571,0.017996870109546165,1930,652,76.37045687883874,meeting_20261004_v3_10epochs,D:\종합설계 프로젝트\local_experiments\runs\meeting_20261004_v3_10epochs\R02_dino\results.json
dino,patch_global,0,R02,0.7744330673886537,0.5982638140400354,0.02092675635276532,0.00782472613458529,1930,652,305.2905960083008,meeting_20261004_v3_10epochs,D:\종합설계 프로젝트\local_experiments\runs\meeting_20261004_v3_10epochs\R02_dino\results.json
dino,patch_phase,0,R02,0.7882241472008602,0.638235513926966,0.04678362573099415,0.012519561815336464,1930,652,327.6002120971676,meeting_20261004_v3_10epochs,D:\종합설계 프로젝트\local_experiments\runs\meeting_20261004_v3_10epochs\R02_dino\results.json
dino,patch_phase_fallback,0,R02,0.7875484844993615,0.634959837778027,0.06666666666666667,0.011737089201877934,1930,652,318.6692947387695,meeting_20261004_v3_10epochs,D:\종합설계 프로젝트\local_experiments\runs\meeting_20261004_v3_10epochs\R02_dino\results.json
dino,patch_phase_process_equal,0,R02,0.7465904835968779,0.566122754721989,0.05194805194805195,0.017996870109546165,1930,652,77.22436913222181,meeting_20261004_v3_10epochs,D:\종합설계 프로젝트\local_experiments\runs\meeting_20261004_v3_10epochs\R02_dino\results.json
dino,feature_ae,10,R02,0.7709683458624961,0.6656010342069899,0.23853211009174313,0.01564945226917058,1930,652,0.0003993829712271687,meeting_20261004_v3_10epochs,D:\종합설계 프로젝트\local_experiments\runs\meeting_20261004_v3_10epochs\R02_dino\results.json
dino,gru_forecast,10,R02,0.7557497335752756,0.5954922975984369,0.03216374269005848,0.01643192488262911,1930,652,0.0009445523348404069,meeting_20261004_v3_10epochs,D:\종합설계 프로젝트\local_experiments\runs\meeting_20261004_v3_10epochs\R02_dino\results.json
dino,spatial_temporal_equal,10,R02,0.7845584070201714,0.6075938841172831,0.029411764705882353,0.014084507042253521,1930,652,15.199949144666865,meeting_20261004_v3_10epochs,D:\종합설계 프로젝트\local_experiments\runs\meeting_20261004_v3_10epochs\R02_dino\results.json
dino,embedding_pca,0,R03,0.5880539325149702,0.4946920572966905,0.1334279630943932,0.02702702702702703,3007,1268,0.013043724931776524,meeting_20261004_v3_10epochs,D:\종합설계 프로젝트\local_experiments\runs\meeting_20261004_v3_10epochs\R03_dino\results.json
dino,embedding_phase,0,R03,0.6259648298543526,0.5365512507412644,0.07446016381236038,0.01437607820586544,3007,1268,0.028811874985694888,meeting_20261004_v3_10epochs,D:\종합설계 프로젝트\local_experiments\runs\meeting_20261004_v3_10epochs\R03_dino\results.json
dino,embedding_phase_fallback,0,R03,0.6260981600433912,0.5379193341105789,0.05015197568389058,0.008625646923519264,3007,1268,0.027653175294399264,meeting_20261004_v3_10epochs,D:\종합설계 프로젝트\local_experiments\runs\meeting_20261004_v3_10epochs\R03_dino\results.json
dino,embedding_phase_process_equal,0,R03,0.5811735959061284,0.5022448847959121,0.0409711684370258,0.013225991949396205,3007,1268,108.52432056056661,meeting_20261004_v3_10epochs,D:\종합설계 프로젝트\local_experiments\runs\meeting_20261004_v3_10epochs\R03_dino\results.json
dino,patch_global,0,R03,0.5885289780014258,0.5384441950353868,0.014084507042253521,0.0005750431282346176,3007,1268,180.27178771972658,meeting_20261004_v3_10epochs,D:\종합설계 프로젝트\local_experiments\runs\meeting_20261004_v3_10epochs\R03_dino\results.json
dino,patch_phase,0,R03,0.6977143849668852,0.6578890306183358,0.13537117903930132,0.007475560667050029,3007,1268,212.20654541015625,meeting_20261004_v3_10epochs,D:\종합설계 프로젝트\local_experiments\runs\meeting_20261004_v3_10epochs\R03_dino\results.json
dino,patch_phase_fallback,0,R03,0.6945344146079094,0.6618938378595474,0.11626195732155997,0.006900517538815411,3007,1268,209.60263671875,meeting_20261004_v3_10epochs,D:\종합설계 프로젝트\local_experiments\runs\meeting_20261004_v3_10epochs\R03_dino\results.json
dino,patch_phase_process_equal,0,R03,0.646217186714871,0.579111826853989,0.04704097116843703,0.010925819436457734,3007,1268,109.32283394597253,meeting_20261004_v3_10epochs,D:\종합설계 프로젝트\local_experiments\runs\meeting_20261004_v3_10epochs\R03_dino\results.json
dino,feature_ae,10,R03,0.5376703134438553,0.4702873060653773,0.08663729809104258,0.020126509488211614,3007,1268,0.00034412650624290116,meeting_20261004_v3_10epochs,D:\종합설계 프로젝트\local_experiments\runs\meeting_20261004_v3_10epochs\R03_dino\results.json
dino,gru_forecast,10,R03,0.532590161139057,0.4623093303776346,0.06671608598962195,0.020701552616446232,3007,1268,0.0003824214357882738,meeting_20261004_v3_10epochs,D:\종합설계 프로젝트\local_experiments\runs\meeting_20261004_v3_10epochs\R03_dino\results.json
dino,spatial_temporal_equal,10,R03,0.6380538871645657,0.559363615720684,0.057057057057057055,0.014951121334100058,3007,1268,2.4417582207105815,meeting_20261004_v3_10epochs,D:\종합설계 프로젝트\local_experiments\runs\meeting_20261004_v3_10epochs\R03_dino\results.json
dino,embedding_pca,0,R04,0.7601012790596345,0.7660511573941089,0.37086985839514497,0.06984478935698447,2047,1145,0.006112390663474798,meeting_20261004_v3_10epochs,D:\종합설계 프로젝트\local_experiments\runs\meeting_20261004_v3_10epochs\R04_dino\results.json
dino,embedding_phase,0,R04,0.7135632606822296,0.7112025339446725,0.07603305785123966,0.02106430155210643,2047,1145,0.014256111979484551,meeting_20261004_v3_10epochs,D:\종합설계 프로젝트\local_experiments\runs\meeting_20261004_v3_10epochs\R04_dino\results.json
dino,embedding_phase_fallback,0,R04,0.7133371740624909,0.7126066434767431,0.06192468619246862,0.014412416851441241,2047,1145,0.014256111979484551,meeting_20261004_v3_10epochs,D:\종합설계 프로젝트\local_experiments\runs\meeting_20261004_v3_10epochs\R04_dino\results.json
dino,embedding_phase_process_equal,0,R04,0.652778396382614,0.66063034967027,0.06370494551550712,0.011086474501108648,2047,1145,8.161672939201331,meeting_20261004_v3_10epochs,D:\종합설계 프로젝트\local_experiments\runs\meeting_20261004_v3_10epochs\R04_dino\results.json
dino,patch_global,0,R04,0.7051738494756921,0.7004011891453703,0.17848970251716248,0.05432372505543237,2047,1145,194.1453106689453,meeting_20261004_v3_10epochs,D:\종합설계 프로젝트\local_experiments\runs\meeting_20261004_v3_10epochs\R04_dino\results.json
dino,patch_phase,0,R04,0.6833301058298396,0.6832054617958168,0.012079378774805867,0.007760532150776054,2047,1145,246.80107421874996,meeting_20261004_v3_10epochs,D:\종합설계 프로젝트\local_experiments\runs\meeting_20261004_v3_10epochs\R04_dino\results.json
dino,patch_phase_fallback,0,R04,0.6826823458786395,0.6842409361106633,0.00865051903114187,0.0066518847006651885,2047,1145,246.80107421874996,meeting_20261004_v3_10epochs,D:\종합설계 프로젝트\local_experiments\runs\meeting_20261004_v3_10epochs\R04_dino\results.json
dino,patch_phase_process_equal,0,R04,0.6541920429128865,0.6562656702772418,0.04074702886247878,0.009977827050997782,2047,1145,8.139695494106713,meeting_20261004_v3_10epochs,D:\종합설계 프로젝트\local_experiments\runs\meeting_20261004_v3_10epochs\R04_dino\results.json
dino,feature_ae,10,R04,0.6781562563541476,0.6936502901927127,0.06483790523690773,0.02106430155210643,2047,1145,0.00042528177495114504,meeting_20261004_v3_10epochs,D:\종합설계 프로젝트\local_experiments\runs\meeting_20261004_v3_10epochs\R04_dino\results.json
dino,gru_forecast,10,R04,0.4850618228294232,0.5266125107630525,0.0288135593220339,0.019955654101995565,2047,1145,0.0006137573672458529,meeting_20261004_v3_10epochs,D:\종합설계 프로젝트\local_experiments\runs\meeting_20261004_v3_10epochs\R04_dino\results.json
dino,spatial_temporal_equal,10,R04,0.606025426272524,0.6226551816053532,0.0068846815834767644,0.014412416851441241,2047,1145,1.9836539689509478,meeting_20261004_v3_10epochs,D:\종합설계 프로젝트\local_experiments\runs\meeting_20261004_v3_10epochs\R04_dino\results.json
dino,embedding_pca,0,R01,0.8179208251555519,0.5898925008740221,0.5732718894009217,0.7516233766233766,927,311,0.00225040758959949,meeting_20261004_v3_5epochs,D:\종합설계 프로젝트\local_experiments\runs\meeting_20261004_v3_5epochs\R01_dino\results.json
dino,embedding_phase,0,R01,0.8197790955025682,0.5785565096066747,0.5823970037453183,0.724025974025974,927,311,0.006299766190350057,meeting_20261004_v3_5epochs,D:\종합설계 프로젝트\local_experiments\runs\meeting_20261004_v3_5epochs\R01_dino\results.json
dino,embedding_phase_fallback,0,R01,0.8048816135632857,0.5612858267462537,0.678298800436205,0.4788961038961039,927,311,0.00587555330246687,meeting_20261004_v3_5epochs,D:\종합설계 프로젝트\local_experiments\runs\meeting_20261004_v3_5epochs\R01_dino\results.json
dino,embedding_phase_process_equal,0,R01,0.7071867039712699,0.4241842896218152,0.056338028169014086,0.05519480519480519,927,311,12.51600811557028,meeting_20261004_v3_5epochs,D:\종합설계 프로젝트\local_experiments\runs\meeting_20261004_v3_5epochs\R01_dino\results.json
dino,patch_global,0,R01,0.7680424479057919,0.5460463133341639,0.21705426356589147,0.05519480519480519,927,311,222.11492050170898,meeting_20261004_v3_5epochs,D:\종합설계 프로젝트\local_experiments\runs\meeting_20261004_v3_5epochs\R01_dino\results.json
dino,patch_phase,0,R01,0.6225623251346725,0.3854365534253287,0.0,0.00487012987012987,927,311,256.0875674438478,meeting_20261004_v3_5epochs,D:\종합설계 프로젝트\local_experiments\runs\meeting_20261004_v3_5epochs\R01_dino\results.json
dino,patch_phase_fallback,0,R01,0.7608546999624171,0.5373269646257959,0.006389776357827476,0.0016233766233766235,927,311,256.0875674438478,meeting_20261004_v3_5epochs,D:\종합설계 프로젝트\local_experiments\runs\meeting_20261004_v3_5epochs\R01_dino\results.json
dino,patch_phase_process_equal,0,R01,0.6876644256065477,0.4181150547942435,0.029585798816568046,0.03571428571428571,927,311,12.292138597565298,meeting_20261004_v3_5epochs,D:\종합설계 프로젝트\local_experiments\runs\meeting_20261004_v3_5epochs\R01_dino\results.json
dino,feature_ae,5,R01,0.7874316198271183,0.5303811820944516,0.5986525505293552,0.676948051948052,927,311,0.00022321785043459387,meeting_20261004_v3_5epochs,D:\종합설계 프로젝트\local_experiments\runs\meeting_20261004_v3_5epochs\R01_dino\results.json
dino,gru_forecast,5,R01,0.7822587380465195,0.5199938167863158,0.5884578997161779,0.7061688311688312,927,311,0.0002223349268024322,meeting_20261004_v3_5epochs,D:\종합설계 프로젝트\local_experiments\runs\meeting_20261004_v3_5epochs\R01_dino\results.json
dino,spatial_temporal_equal,5,R01,0.7994372990353698,0.5436432764918983,0.5957854406130269,0.685064935064935,927,311,1.4596516583830055,meeting_20261004_v3_5epochs,D:\종합설계 프로젝트\local_experiments\runs\meeting_20261004_v3_5epochs\R01_dino\results.json
dino,embedding_pca,0,R02,0.8204141344316752,0.743682497131734,0.526775956284153,0.017214397496087636,1930,652,0.011814671568572521,meeting_20261004_v3_5epochs,D:\종합설계 프로젝트\local_experiments\runs\meeting_20261004_v3_5epochs\R02_dino\results.json
dino,embedding_phase,0,R02,0.8309031078084047,0.7536646483625109,0.5656350053361793,0.01564945226917058,1930,652,0.009103648364543897,meeting_20261004_v3_5epochs,D:\종합설계 프로젝트\local_experiments\runs\meeting_20261004_v3_5epochs\R02_dino\results.json
dino,embedding_phase_fallback,0,R02,0.8299934233896905,0.7491570652240396,0.5256270447110142,0.018779342723004695,1930,652,0.010151037573814333,meeting_20261004_v3_5epochs,D:\종합설계 프로젝트\local_experiments\runs\meeting_20261004_v3_5epochs\R02_dino\results.json
dino,embedding_phase_process_equal,0,R02,0.7907041773476579,0.6312847203589891,0.06866952789699571,0.017996870109546165,1930,652,76.37045687883874,meeting_20261004_v3_5epochs,D:\종합설계 프로젝트\local_experiments\runs\meeting_20261004_v3_5epochs\R02_dino\results.json
dino,patch_global,0,R02,0.7744330673886537,0.5982638140400354,0.02092675635276532,0.00782472613458529,1930,652,305.2905960083008,meeting_20261004_v3_5epochs,D:\종합설계 프로젝트\local_experiments\runs\meeting_20261004_v3_5epochs\R02_dino\results.json
dino,patch_phase,0,R02,0.7882241472008602,0.638235513926966,0.04678362573099415,0.012519561815336464,1930,652,327.6002120971676,meeting_20261004_v3_5epochs,D:\종합설계 프로젝트\local_experiments\runs\meeting_20261004_v3_5epochs\R02_dino\results.json
dino,patch_phase_fallback,0,R02,0.7875484844993615,0.634959837778027,0.06666666666666667,0.011737089201877934,1930,652,318.6692947387695,meeting_20261004_v3_5epochs,D:\종합설계 프로젝트\local_experiments\runs\meeting_20261004_v3_5epochs\R02_dino\results.json
dino,patch_phase_process_equal,0,R02,0.7465904835968779,0.566122754721989,0.05194805194805195,0.017996870109546165,1930,652,77.22436913222181,meeting_20261004_v3_5epochs,D:\종합설계 프로젝트\local_experiments\runs\meeting_20261004_v3_5epochs\R02_dino\results.json
dino,feature_ae,5,R02,0.7678372552972916,0.6132147173129331,0.06285714285714286,0.02034428794992175,1930,652,0.0006825054384535176,meeting_20261004_v3_5epochs,D:\종합설계 프로젝트\local_experiments\runs\meeting_20261004_v3_5epochs\R02_dino\results.json
dino,gru_forecast,5,R02,0.7376352525514367,0.5793065679854544,0.0206794682422452,0.014084507042253521,1930,652,0.0010979473765473809,meeting_20261004_v3_5epochs,D:\종합설계 프로젝트\local_experiments\runs\meeting_20261004_v3_5epochs\R02_dino\results.json
dino,spatial_temporal_equal,5,R02,0.7738870167151513,0.5972360409416051,0.026587887740029542,0.012519561815336464,1930,652,16.48331375660962,meeting_20261004_v3_5epochs,D:\종합설계 프로젝트\local_experiments\runs\meeting_20261004_v3_5epochs\R02_dino\results.json
dino,embedding_pca,0,R03,0.5880539325149702,0.4946920572966905,0.1334279630943932,0.02702702702702703,3007,1268,0.013043724931776524,meeting_20261004_v3_5epochs,D:\종합설계 프로젝트\local_experiments\runs\meeting_20261004_v3_5epochs\R03_dino\results.json
dino,embedding_phase,0,R03,0.6259648298543526,0.5365512507412644,0.07446016381236038,0.01437607820586544,3007,1268,0.028811874985694888,meeting_20261004_v3_5epochs,D:\종합설계 프로젝트\local_experiments\runs\meeting_20261004_v3_5epochs\R03_dino\results.json
dino,embedding_phase_fallback,0,R03,0.6260981600433912,0.5379193341105789,0.05015197568389058,0.008625646923519264,3007,1268,0.027653175294399264,meeting_20261004_v3_5epochs,D:\종합설계 프로젝트\local_experiments\runs\meeting_20261004_v3_5epochs\R03_dino\results.json
dino,embedding_phase_process_equal,0,R03,0.5811735959061284,0.5022448847959121,0.0409711684370258,0.013225991949396205,3007,1268,108.52432056056661,meeting_20261004_v3_5epochs,D:\종합설계 프로젝트\local_experiments\runs\meeting_20261004_v3_5epochs\R03_dino\results.json
dino,patch_global,0,R03,0.5885289780014258,0.5384441950353868,0.014084507042253521,0.0005750431282346176,3007,1268,180.27178771972658,meeting_20261004_v3_5epochs,D:\종합설계 프로젝트\local_experiments\runs\meeting_20261004_v3_5epochs\R03_dino\results.json
dino,patch_phase,0,R03,0.6977143849668852,0.6578890306183358,0.13537117903930132,0.007475560667050029,3007,1268,212.20654541015625,meeting_20261004_v3_5epochs,D:\종합설계 프로젝트\local_experiments\runs\meeting_20261004_v3_5epochs\R03_dino\results.json
dino,patch_phase_fallback,0,R03,0.6945344146079094,0.6618938378595474,0.11626195732155997,0.006900517538815411,3007,1268,209.60263671875,meeting_20261004_v3_5epochs,D:\종합설계 프로젝트\local_experiments\runs\meeting_20261004_v3_5epochs\R03_dino\results.json
dino,patch_phase_process_equal,0,R03,0.646217186714871,0.579111826853989,0.04704097116843703,0.010925819436457734,3007,1268,109.32283394597253,meeting_20261004_v3_5epochs,D:\종합설계 프로젝트\local_experiments\runs\meeting_20261004_v3_5epochs\R03_dino\results.json
dino,feature_ae,5,R03,0.5431334499141063,0.4676919392751845,0.027692307692307693,0.008050603795284647,3007,1268,0.00046924928319640484,meeting_20261004_v3_5epochs,D:\종합설계 프로젝트\local_experiments\runs\meeting_20261004_v3_5epochs\R03_dino\results.json
dino,gru_forecast,5,R03,0.5307267130208267,0.45575392312949814,0.03366488140780413,0.0097757331799885,3007,1268,0.0005601830640807749,meeting_20261004_v3_5epochs,D:\종합설계 프로젝트\local_experiments\runs\meeting_20261004_v3_5epochs\R03_dino\results.json
dino,spatial_temporal_equal,5,R03,0.6346467112793711,0.5444180894684252,0.033690658499234305,0.009200690051753882,3007,1268,3.206629562713368,meeting_20261004_v3_5epochs,D:\종합설계 프로젝트\local_experiments\runs\meeting_20261004_v3_5epochs\R03_dino\results.json
dino,embedding_pca,0,R04,0.7601012790596345,0.7660511573941089,0.37086985839514497,0.06984478935698447,2047,1145,0.006112390663474798,meeting_20261004_v3_5epochs,D:\종합설계 프로젝트\local_experiments\runs\meeting_20261004_v3_5epochs\R04_dino\results.json
dino,embedding_phase,0,R04,0.7135632606822296,0.7112025339446725,0.07603305785123966,0.02106430155210643,2047,1145,0.014256111979484551,meeting_20261004_v3_5epochs,D:\종합설계 프로젝트\local_experiments\runs\meeting_20261004_v3_5epochs\R04_dino\results.json
dino,embedding_phase_fallback,0,R04,0.7133371740624909,0.7126066434767431,0.06192468619246862,0.014412416851441241,2047,1145,0.014256111979484551,meeting_20261004_v3_5epochs,D:\종합설계 프로젝트\local_experiments\runs\meeting_20261004_v3_5epochs\R04_dino\results.json
dino,embedding_phase_process_equal,0,R04,0.652778396382614,0.66063034967027,0.06370494551550712,0.011086474501108648,2047,1145,8.161672939201331,meeting_20261004_v3_5epochs,D:\종합설계 프로젝트\local_experiments\runs\meeting_20261004_v3_5epochs\R04_dino\results.json
dino,patch_global,0,R04,0.7051738494756921,0.7004011891453703,0.17848970251716248,0.05432372505543237,2047,1145,194.1453106689453,meeting_20261004_v3_5epochs,D:\종합설계 프로젝트\local_experiments\runs\meeting_20261004_v3_5epochs\R04_dino\results.json
dino,patch_phase,0,R04,0.6833301058298396,0.6832054617958168,0.012079378774805867,0.007760532150776054,2047,1145,246.80107421874996,meeting_20261004_v3_5epochs,D:\종합설계 프로젝트\local_experiments\runs\meeting_20261004_v3_5epochs\R04_dino\results.json
dino,patch_phase_fallback,0,R04,0.6826823458786395,0.6842409361106633,0.00865051903114187,0.0066518847006651885,2047,1145,246.80107421874996,meeting_20261004_v3_5epochs,D:\종합설계 프로젝트\local_experiments\runs\meeting_20261004_v3_5epochs\R04_dino\results.json
dino,patch_phase_process_equal,0,R04,0.6541920429128865,0.6562656702772418,0.04074702886247878,0.009977827050997782,2047,1145,8.139695494106713,meeting_20261004_v3_5epochs,D:\종합설계 프로젝트\local_experiments\runs\meeting_20261004_v3_5epochs\R04_dino\results.json
dino,feature_ae,5,R04,0.5363713823720214,0.607912091936484,0.07462686567164178,0.017738359201773836,2047,1145,0.0005811782204546033,meeting_20261004_v3_5epochs,D:\종합설계 프로젝트\local_experiments\runs\meeting_20261004_v3_5epochs\R04_dino\results.json
dino,gru_forecast,5,R04,0.4613658149284947,0.5022810318524648,0.008488964346349746,0.031042128603104215,2047,1145,0.0007801531720906495,meeting_20261004_v3_5epochs,D:\종합설계 프로젝트\local_experiments\runs\meeting_20261004_v3_5epochs\R04_dino\results.json
dino,spatial_temporal_equal,5,R04,0.5660753880266076,0.5759502395481679,0.005172413793103448,0.013303769401330377,2047,1145,2.297492789055959,meeting_20261004_v3_5epochs,D:\종합설계 프로젝트\local_experiments\runs\meeting_20261004_v3_5epochs\R04_dino\results.json
