scene,normal_train_video_budget,seed,train_frames,normal_video_total,normal_calibration_clip,normal_calibration_frames,frame_auroc,frame_ap,test_normal_fpr,f1_at_normal_q99,pca_fit_seconds,rank
R01,3,0,174,4,03,51,0.8332933144026392,0.6199876204888484,1.0,0.5024232633279483,0.05387179999888758,102
R01,5,0,291,6,03,51,0.8249545872134297,0.5862513366503401,1.0,0.5024232633279483,0.029335799998079892,130
R01,10,0,582,11,03,51,0.840606338998622,0.638887379793377,1.0,0.5024232633279483,0.03141500000128872,166
R01,3,1,172,4,03,51,0.8310331147951726,0.6073909017494411,1.0,0.5024232633279483,0.029390200001216726,106
R01,5,1,288,6,03,51,0.8790923706518563,0.7245790251862028,0.9935064935064936,0.5040518638573744,0.028885499999887543,133
R01,10,1,580,11,03,51,0.8037175846661377,0.547757886331257,1.0,0.5024232633279483,0.0290872000005038,167
R01,3,2,174,4,03,51,0.815796341921744,0.5786795146860744,0.913961038961039,0.5248945147679325,0.02722389999689767,101
R01,5,2,291,6,03,51,0.8036314569674698,0.5663702416317796,0.9366883116883117,0.5187656380316931,0.028425100001186365,132
R01,10,2,583,11,03,51,0.7881571804401387,0.505306728735457,0.9788961038961039,0.5077551020408163,0.03455059999760124,164
R01,all,0,1564,28,03,51,0.8179208251555519,0.5898925008740221,0.9935064935064936,0.5040518638573744,0.041234299998905044,196
R02,3,0,437,4,03,138,0.8171342300565492,0.7257336935125455,0.010954616588419406,0.33915211970074816,0.04464849999931175,83
R02,5,0,737,6,03,138,0.791370839213879,0.7088289172524782,0.006259780907668232,0.3437892095357591,0.04538440000033006,95
R02,10,0,1477,11,03,138,0.8424937834231017,0.7538805092404921,0.003912363067292645,0.3153846153846154,0.041911100001016166,112
R02,3,1,449,4,03,138,0.815683295409814,0.7240150497405329,0.017214397496087636,0.3660606060606061,0.03948840000157361,86
R02,5,1,748,6,03,138,0.8095885298155668,0.738440519318782,0.003912363067292645,0.36770186335403726,0.0375095000017609,101
R02,10,1,1481,11,03,138,0.8469557974980078,0.7660363678799262,0.004694835680751174,0.3278271918678526,0.03789179999876069,114
R02,3,2,438,4,03,138,0.8019864243401787,0.7071889940466085,0.009389671361502348,0.3211125158027813,0.04158629999801633,85
R02,5,2,735,6,03,138,0.8027706971206927,0.7161856230711147,0.008607198748043818,0.3065134099616858,0.03802840000207652,97
R02,10,2,1461,11,03,138,0.8463719433163397,0.763317802136249,0.007042253521126761,0.3391959798994975,0.044896700001118006,113
R02,all,0,3562,25,03,138,0.8204141344316752,0.743682497131734,0.002347417840375587,0.34177215189873417,0.04557990000103018,128
R03,3,0,507,4,03,181,0.5821064537253543,0.5078300191963199,0.2765957446808511,0.4327956989247312,0.050072599999111844,88
R03,5,0,851,6,03,181,0.5268546954901743,0.4629864175806115,0.046578493387004025,0.1418732782369146,0.03703010000026552,112
R03,10,0,1716,11,03,181,0.5727842245897149,0.4920032011545831,0.024151811385853938,0.12589413447782546,0.03528539999751956,139
R03,3,1,505,4,03,181,0.5417450472823316,0.475828445836449,0.024726854514088556,0.12043010752688173,0.03031579999878886,94
R03,5,1,859,6,03,181,0.6019635818112226,0.5142528991724122,0.013225991949396205,0.08456973293768547,0.034287899998162175,117
R03,10,1,1737,11,03,181,0.5878128951153987,0.4956310618319079,0.011500862564692352,0.05143721633888049,0.035475799999403534,140
R03,3,2,540,4,03,181,0.6601470169410971,0.5598684131542947,0.013225991949396205,0.06156156156156156,0.03321710000091116,94
R03,5,2,870,6,03,181,0.6318624231990901,0.5324278932286474,0.02817711328349626,0.11722659042172981,0.033917400000063935,112
R03,10,2,1737,11,03,181,0.5786618637565009,0.4945341938421636,0.029327199539965498,0.13963328631875882,0.03368330000012065,148
R03,all,0,2968,18,03,181,0.5880539325149702,0.4946920572966905,0.03220241518113859,0.1352112676056338,0.039291099998081336,161
R04,3,0,308,4,05,110,0.7452250699561382,0.7366047602467829,0.1984478935698448,0.5989417989417989,0.027450700003100792,105
R04,5,0,517,6,05,110,0.7319614829733053,0.7195870616120766,0.19623059866962306,0.578494623655914,0.03074900000137859,132
R04,10,0,984,11,05,110,0.7562883064320918,0.7654888266556388,0.24390243902439024,0.6650366748166259,0.03628310000203783,163
R04,3,1,279,4,05,110,0.7452923634039833,0.7489173443097906,0.11751662971175167,0.46878824969400246,0.036888499998894986,108
R04,5,1,489,6,05,110,0.7636015065986309,0.7686269524062856,0.1319290465631929,0.5285215366705471,0.030189199998858385,134
R04,10,1,978,11,05,110,0.7688547526602698,0.7783067586110415,0.11751662971175167,0.528235294117647,0.03285930000129156,165
R04,3,2,304,4,05,110,0.7393652146128449,0.7250278061783053,0.07095343680709534,0.30077301475755447,0.03159149999919464,103
R04,5,2,501,6,05,110,0.7489751062655525,0.7538754044786378,0.13636363636363635,0.5134818288393904,0.0315602000009676,132
R04,10,2,956,11,05,110,0.7567540351862432,0.7720466915073712,0.09977827050997783,0.5066505441354293,0.035284300000057556,162
R04,all,0,1949,21,05,110,0.7601012790596345,0.7660511573941089,0.12638580931263857,0.5317784256559767,0.034144799999921815,186
