encoder,model,scene,epochs,train_first,train_last,normal_val_first,normal_val_last
dino,feature_ae,R01,10,0.002898931438538015,8.83244425039012e-05,0.0006046738708391786,9.551277616992593e-05
dino,feature_ae,R02,10,0.0016762368506001563,9.922714670629809e-05,0.0004697430194937624,8.932106175052468e-05
dino,feature_ae,R03,10,0.0020520255991604147,0.00013974951985737716,0.00047834074939601123,0.0001606862097105477
dino,feature_ae,R04,10,0.0025552167791503843,0.0002143752082404401,0.0006497463618870825,0.0002114236995112151
dino,gru_forecast,R01,10,0.004432588614294034,8.556867580210033e-05,0.0013301074504852295,0.00010279087291564792
dino,gru_forecast,R02,10,0.0020561804941051174,9.866867209950501e-05,0.00045078507537255064,8.782455188338645e-05
dino,gru_forecast,R03,10,0.0022065685282587626,0.0001513778853906308,0.0004990207598893903,0.00017598155318410136
dino,gru_forecast,R04,10,0.0035903542539414044,0.000273419693719503,0.000831848883535713,0.0002814882172970101
clip,feature_ae,R01,10,0.002688222395642029,3.030842812283023e-05,0.0009571016707923263,2.9627584808622487e-05
clip,feature_ae,R02,10,0.0015845484847438474,4.996635769729846e-05,0.0003326978185214102,4.869595795753412e-05
clip,feature_ae,R03,10,0.0018526446821062633,7.039787921793458e-05,0.000507432509039063,7.15601772753871e-05
clip,feature_ae,R04,10,0.0023878221742936884,9.317320387058099e-05,0.0008582451264373958,9.776839215192012e-05
clip,gru_forecast,R01,10,0.004172165544070745,2.9520678127059113e-05,0.0015396269736811519,3.003028359671589e-05
clip,gru_forecast,R02,10,0.0021318022572457546,5.2036131441645675e-05,0.00027648668037727475,5.0517214731371496e-05
clip,gru_forecast,R03,10,0.0025482412159974336,8.094032966902764e-05,0.0004316655540606007,8.474999594909605e-05
clip,gru_forecast,R04,10,0.0035006828896223443,0.0001127646170242764,0.001102688314858824,0.0001212424504046794
object_clip,feature_ae,R01,10,0.002497515545430286,4.085859891673005e-05,0.0008084899454843253,3.879074392898474e-05
object_clip,feature_ae,R02,10,0.0014241605214893574,3.2173439774454136e-05,0.0003374327570782043,3.170541731378762e-05
object_clip,feature_ae,R03,10,0.0017764142593946258,5.3588019926672064e-05,0.00046102748456178233,5.649472677760059e-05
object_clip,feature_ae,R04,10,0.0023824740589186337,7.17135909186789e-05,0.0008529802435077727,7.133965846151114e-05
object_clip,gru_forecast,R01,10,0.003863028877619267,4.095496351456543e-05,0.001505376014392823,4.094320865988266e-05
object_clip,gru_forecast,R02,10,0.0020427763185364356,3.1156882735933745e-05,0.00028790300711989403,3.219078234906192e-05
object_clip,gru_forecast,R03,10,0.0023986761031361916,6.158502527780958e-05,0.00044081671512685716,6.736662817274919e-05
object_clip,gru_forecast,R04,10,0.003533402862326102,7.233186391495374e-05,0.001074825820978731,7.736471889074892e-05
