group,method,n_scenes,n_scene_seed_runs,alarm_accuracy_macro_mean,alarm_accuracy_seed_std,alarm_accuracy_defined_scene_seed_runs,alarm_balanced_accuracy_macro_mean,alarm_balanced_accuracy_seed_std,alarm_balanced_accuracy_defined_scene_seed_runs,alarm_f1_macro_mean,alarm_f1_seed_std,alarm_f1_defined_scene_seed_runs,alarm_fn_macro_mean,alarm_fn_seed_std,alarm_fn_defined_scene_seed_runs,alarm_fp_macro_mean,alarm_fp_seed_std,alarm_fp_defined_scene_seed_runs,alarm_mcc_macro_mean,alarm_mcc_seed_std,alarm_mcc_defined_scene_seed_runs,alarm_normal_fpr_macro_mean,alarm_normal_fpr_seed_std,alarm_normal_fpr_defined_scene_seed_runs,alarm_precision_macro_mean,alarm_precision_seed_std,alarm_precision_defined_scene_seed_runs,alarm_recall_macro_mean,alarm_recall_seed_std,alarm_recall_defined_scene_seed_runs,alarm_specificity_macro_mean,alarm_specificity_seed_std,alarm_specificity_defined_scene_seed_runs,alarm_tn_macro_mean,alarm_tn_seed_std,alarm_tn_defined_scene_seed_runs,alarm_tp_macro_mean,alarm_tp_seed_std,alarm_tp_defined_scene_seed_runs,auroc_macro_mean,auroc_seed_std,auroc_defined_scene_seed_runs,average_precision_macro_mean,average_precision_seed_std,average_precision_defined_scene_seed_runs,calibration_score_median_macro_mean,calibration_score_median_seed_std,calibration_score_median_defined_scene_seed_runs,detected_gt_events_macro_mean,detected_gt_events_seed_std,detected_gt_events_defined_scene_seed_runs,diagnostic_fpr_at_tpr95_macro_mean,diagnostic_fpr_at_tpr95_seed_std,diagnostic_fpr_at_tpr95_defined_scene_seed_runs,diagnostic_tpr_at_fpr1_macro_mean,diagnostic_tpr_at_fpr1_seed_std,diagnostic_tpr_at_fpr1_defined_scene_seed_runs,diagnostic_tpr_at_fpr5_macro_mean,diagnostic_tpr_at_fpr5_seed_std,diagnostic_tpr_at_fpr5_defined_scene_seed_runs,event_f1_overlap_macro_mean,event_f1_overlap_seed_std,event_f1_overlap_defined_scene_seed_runs,event_precision_overlap_macro_mean,event_precision_overlap_seed_std,event_precision_overlap_defined_scene_seed_runs,event_recall_overlap_macro_mean,event_recall_overlap_seed_std,event_recall_overlap_defined_scene_seed_runs,false_alert_events_macro_mean,false_alert_events_seed_std,false_alert_events_defined_scene_seed_runs,false_alerts_per_1000_normal_only_video_observations_macro_mean,false_alerts_per_1000_normal_only_video_observations_seed_std,false_alerts_per_1000_normal_only_video_observations_defined_scene_seed_runs,frame_accuracy_macro_mean,frame_accuracy_seed_std,frame_accuracy_defined_scene_seed_runs,frame_balanced_accuracy_macro_mean,frame_balanced_accuracy_seed_std,frame_balanced_accuracy_defined_scene_seed_runs,frame_f1_macro_mean,frame_f1_seed_std,frame_f1_defined_scene_seed_runs,frame_fn_macro_mean,frame_fn_seed_std,frame_fn_defined_scene_seed_runs,frame_fp_macro_mean,frame_fp_seed_std,frame_fp_defined_scene_seed_runs,frame_mcc_macro_mean,frame_mcc_seed_std,frame_mcc_defined_scene_seed_runs,frame_normal_fpr_macro_mean,frame_normal_fpr_seed_std,frame_normal_fpr_defined_scene_seed_runs,frame_precision_macro_mean,frame_precision_seed_std,frame_precision_defined_scene_seed_runs,frame_recall_macro_mean,frame_recall_seed_std,frame_recall_defined_scene_seed_runs,frame_specificity_macro_mean,frame_specificity_seed_std,frame_specificity_defined_scene_seed_runs,frame_tn_macro_mean,frame_tn_seed_std,frame_tn_defined_scene_seed_runs,frame_tp_macro_mean,frame_tp_seed_std,frame_tp_defined_scene_seed_runs,gt_events_sampled_macro_mean,gt_events_sampled_seed_std,gt_events_sampled_defined_scene_seed_runs,median_detected_delay_observations_macro_mean,median_detected_delay_observations_seed_std,median_detected_delay_observations_defined_scene_seed_runs,median_detected_delay_original_frames_macro_mean,median_detected_delay_original_frames_seed_std,median_detected_delay_original_frames_defined_scene_seed_runs,n_test_macro_mean,n_test_seed_std,n_test_defined_scene_seed_runs,n_test_anomaly_macro_mean,n_test_anomaly_seed_std,n_test_anomaly_defined_scene_seed_runs,normal_calibration_frame_fpr_macro_mean,normal_calibration_frame_fpr_seed_std,normal_calibration_frame_fpr_defined_scene_seed_runs,normal_only_video_observations_macro_mean,normal_only_video_observations_seed_std,normal_only_video_observations_defined_scene_seed_runs,normal_tuning_frame_fpr_macro_mean,normal_tuning_frame_fpr_seed_std,normal_tuning_frame_fpr_defined_scene_seed_runs,partial_auroc_fpr10_macro_mean,partial_auroc_fpr10_seed_std,partial_auroc_fpr10_defined_scene_seed_runs,pr_auc_trapezoid_macro_mean,pr_auc_trapezoid_seed_std,pr_auc_trapezoid_defined_scene_seed_runs,predicted_alert_events_macro_mean,predicted_alert_events_seed_std,predicted_alert_events_defined_scene_seed_runs,test_normal_score_median_macro_mean,test_normal_score_median_seed_std,test_normal_score_median_defined_scene_seed_runs,threshold_normal_q99_macro_mean,threshold_normal_q99_seed_std,threshold_normal_q99_defined_scene_seed_runs,tuning_score_median_macro_mean,tuning_score_median_seed_std,tuning_score_median_defined_scene_seed_runs,video_ap_top5mean_macro_mean,video_ap_top5mean_seed_std,video_ap_top5mean_defined_scene_seed_runs,video_auroc_top5mean_macro_mean,video_auroc_top5mean_seed_std,video_auroc_top5mean_defined_scene_seed_runs
real4,dino_fewshot3_denoising_ae,4,4,0.5767516876646793,,4,0.57249399850014,,4,0.28485546568021325,,4,700.75,,4,121.75,,4,0.2248115039890425,,4,0.19194683206054236,,4,0.7131314806624404,,4,0.3369348290608222,,4,0.8080531679394577,,4,1012.0,,4,143.25,,4,0.7069856953756047,,4,0.6221844035667977,,4,0.2696841415017843,,4,5.25,,4,0.6760712937037883,,4,0.08718701350220606,,4,0.206122602536457,,4,0.3936626975914709,,4,0.6291666666666667,,4,0.4184766214177979,,4,5.0,,4,12.541209103517268,,3,0.5739477380965969,,4,0.5735427098190367,,4,0.31666581497201296,,4,675.75,,4,139.25,,4,0.2324602464150097,,4,0.21497668428125713,,4,0.6975212179004372,,4,0.3620621039193304,,4,0.7850233157187428,,4,994.5,,4,168.25,,4,16.5,,4,21.875,,4,87.5,,4,1977.75,,4,844.0,,4,0.010750017503899891,,4,265.5,,4,0.01483883601797351,,4,0.5775579649856579,,4,0.6214233472268398,,4,12.0,,4,0.7384491413831711,,4,0.9090792834758759,,4,0.31724993512034416,,4,0.7304011316388768,,3,0.3611111111111111,,3
real4,dino_frame_denoising_ae,4,12,0.6135485575296408,0.004189257828868359,12,0.6103617088343235,0.003823353185551449,12,0.3889764593195126,0.01110320248218358,12,632.6666666666666,8.460693430998038,12,122.66666666666667,1.7559422921421233,12,0.30766256541448994,0.006496489598665509,12,0.18566942409808243,0.0015763503708347726,12,0.7467644097654235,0.00314784526486086,12,0.40639284176672935,0.0075985187565158294,12,0.8143305759019176,0.001576350370834748,12,1011.0833333333334,1.7559422921421233,12,211.33333333333334,8.460693430998036,12,0.7513273236198991,0.0025128142788680224,12,0.6606132670798237,0.003984109986841683,12,0.12130468152463436,0.0007767605413389536,12,7.916666666666667,0.38188130791298663,12,0.6330471294972234,0.002326442030278074,12,0.11458232264838923,0.007254367192515115,12,0.2462623802151442,0.006027622678195278,12,0.5298820821398331,0.01854486046132827,12,0.6981456165666692,0.0226759790561566,12,0.5380090497737555,0.020333166291228184,12,5.0,0.4330127018922193,12,11.84851723014195,0.056444675386295044,9,0.6062991483916716,0.005265311701222963,12,0.6067358201564187,0.004901315954201881,12,0.40819517785484066,0.014168893106775812,12,609.3333333333334,11.969579496930264,12,145.5,2.537222891273055,12,0.2970510412065848,0.00837887349370216,12,0.21536389128661104,0.002202234353402372,12,0.7166739663262564,0.00212447492810172,12,0.4288355315994486,0.010924558389731292,12,0.784636108713389,0.002202234353402398,12,988.25,2.537222891273055,12,234.66666666666666,11.969579496930264,12,16.5,0.0,12,29.333333333333332,1.5877132402714706,12,117.33333333333333,6.350852961085883,12,1977.75,0.0,12,844.0,0.0,12,0.01075001750389989,2.1245936804851847e-18,12,265.5,0.0,12,0.027641975775317223,0.0041468809934241515,12,0.5954723177255548,0.002310939313370136,12,0.6597663573710201,0.003960521910674407,12,17.166666666666668,1.0103629710818451,12,0.3517471080025037,0.00558519457955364,12,0.412219042579333,0.007161084269220772,12,0.14259513840079308,0.0004377257661141831,12,0.7663045800423252,0.004993496646400161,9,0.45714285714285713,0.010309826235528995,9
real4,dino_frame_forecast,4,12,0.6228297542816913,0.00831481108360707,12,0.6122327193436871,0.007430274387661358,12,0.3348016805990745,0.013144300786273001,12,685.25,6.309714732061981,12,83.08333333333333,5.137687547266117,12,0.2921060294103967,0.017833530678441782,12,0.1282976149828405,0.009804922569614077,12,0.7735812622171796,0.030038934381621328,12,0.3527630536702147,0.0055003955559188526,12,0.8717023850171595,0.009804922569614077,12,1050.6666666666667,5.137687547266117,12,158.75,6.309714732061981,12,0.7559904302812613,0.0009512425206124645,12,0.6698921674253565,0.003126729838499428,12,0.28418789866069954,0.001170614192114409,12,6.083333333333333,0.3818813079129867,12,0.6276247142061515,0.010448473797379886,12,0.10997401767430297,0.0019239810139634259,12,0.265572521120953,0.003246209378534783,12,0.4603684696884522,0.006513772662697823,12,0.6638867389060887,0.043722707339927606,12,0.46606334841628955,0.014752941296749323,12,4.166666666666667,0.5204164998665333,12,11.81135597973074,1.8828417372643278,9,0.6176377010162307,0.007773822055411414,12,0.6115052228081278,0.0066894619176407245,12,0.3603395478406693,0.00879039026326638,12,661.8333333333334,3.9077913625644514,12,104.66666666666667,6.394985014316556,12,0.2899230707721962,0.01512315876669429,12,0.1556075830492113,0.011612620700456473,12,0.7210906002753781,0.021955672003954593,12,0.37861802866546707,0.003498898768247147,12,0.8443924169507887,0.011612620700456508,12,1029.0833333333333,6.394985014316556,12,182.16666666666666,3.907791362564452,12,16.5,0.0,12,24.333333333333332,4.384513465976965,12,97.33333333333333,17.53805386390786,12,1977.75,0.0,12,844.0,0.0,12,0.01075001750389989,2.1245936804851847e-18,12,265.5,0.0,12,0.023117406349149595,0.003106062935725827,12,0.6044129607361631,0.0032307002240680054,12,0.6693126583785182,0.003144843050934267,12,10.833333333333334,0.8036375634160796,12,0.5862561240792274,0.01205718803362408,12,0.9476580123106638,0.02148479524132336,12,0.3238101328412692,0.0032129917820835968,12,0.7395997725041842,0.003702697078673674,9,0.4263227513227514,0.017115706993400356,9
real4,dino_frame_plain_ae,4,12,0.613272356648165,0.003632380395882368,12,0.610409097091997,0.003546813489151192,12,0.3860811784047736,0.009863532403482618,12,635.6666666666666,7.567749555405051,12,120.0,1.0897247358851685,12,0.3110108522789128,0.005734810307545432,12,0.18324239073328186,0.0009289034779835075,12,0.7601602019690361,0.01457877552149149,12,0.40406058491727576,0.007562875570803246,12,0.8167576092667183,0.000928903477983534,12,1013.75,1.0897247358851685,12,208.33333333333334,7.56774955540505,12,0.7516448373402443,0.004161309850767212,12,0.6692555294559286,0.009250127400079095,12,0.15623920410871506,0.0009523501727406469,12,8.166666666666666,0.14433756729740646,12,0.632121075411657,0.008324655480504956,12,0.12619224647597002,0.0027359066856788403,12,0.2487009166106869,0.022906550557081212,12,0.5501800421013492,0.0009464844831925103,12,0.7182567976685624,0.017617259527286436,12,0.5476244343891403,0.002612444656966687,12,4.333333333333333,0.14433756729740646,12,10.476775117659095,0.5316300821267271,9,0.6081933205515488,0.0033659828488675197,12,0.6082630692538212,0.00302462467902394,12,0.4065706166101448,0.008206225104908899,12,612.5833333333334,7.147260547463856,12,141.08333333333334,2.096624270901521,12,0.3010900291681094,0.002237994901207211,12,0.2096501799343917,0.0012448078280183675,12,0.7234922218849803,0.01032381122236028,12,0.426176318442034,0.0071286529885066455,12,0.7903498200656083,0.0012448078280184005,12,992.6666666666666,2.096624270901521,12,231.41666666666666,7.147260547463855,12,16.5,0.0,12,30.958333333333332,0.4389855730355308,12,123.83333333333333,1.7559422921421233,12,1977.75,0.0,12,844.0,0.0,12,0.01075001750389989,2.1245936804851847e-18,12,265.5,0.0,12,0.028354310053170313,0.0021077581495630255,12,0.6014139229470189,0.0072946412599973936,12,0.6683750363755013,0.009238219808457307,12,17.25,0.75,12,0.3991617523133755,0.003638195780031159,12,0.48967479169368744,0.011765083292933413,12,0.18242715299129486,0.0007894555427717694,12,0.7897232909610361,0.010878825495764547,9,0.484920634920635,0.012390869044441253,9
real4,dino_full,4,12,0.611810550436119,0.0006907152078396068,12,0.6102529060592986,0.0012614014192769256,12,0.3778110192707418,0.00426817213644499,12,643.5833333333334,3.5384789575936906,12,117.58333333333333,1.8763883748662837,12,0.30777593559848293,0.0009625405294758735,12,0.1791368101215379,0.0023473541088854855,12,0.755106706202285,0.008714366126987436,12,0.39964262224013497,0.003572395578811844,12,0.8208631898784621,0.002347354108885446,12,1016.1666666666666,1.8763883748662837,12,200.41666666666666,3.538478957593691,12,0.7756334400568493,0.0012394041197434668,12,0.6879012991316581,0.0026501021280529,12,0.018241411152606208,0.0018259264797430427,12,7.916666666666667,0.28867513459481287,12,0.6091928592618383,0.0049659758746183145,12,0.12196948290757481,0.002909053641111486,12,0.2657757511739666,0.004457129075822073,12,0.5320750257504329,0.0011635878407938417,12,0.6865708476835479,0.010626452490671543,12,0.5397058823529411,0.008163889553020762,12,4.75,0.25,12,11.881105578670544,1.5384455709938885,9,0.6050383027347633,0.000873455712770762,12,0.6066902956892503,0.0011995739076735288,12,0.398858286139979,0.0017590223198681817,12,620.5,1.3919410907075054,12,140.41666666666666,0.8036375634160795,12,0.2961905710900307,0.0015966202104442837,12,0.20820560950556674,0.0019382236921213936,12,0.717447394567678,0.0018823694994310823,12,0.42158620088406723,0.001426919239972503,12,0.7917943904944332,0.0019382236921213392,12,993.3333333333334,0.8036375634160795,12,223.5,1.3919410907075054,12,16.5,0.0,12,28.666666666666668,0.36084391824351614,12,114.66666666666667,1.4433756729740645,12,1977.75,0.0,12,844.0,0.0,12,0.01075001750389989,2.1245936804851847e-18,12,265.5,0.0,12,0.026508507198318442,0.00037329152542302224,12,0.6070821294106111,0.0028498255019124485,12,0.687117282092164,0.0026444918444396342,12,15.333333333333334,0.8779711460710615,12,1.9010195729012291,0.09790289117426411,12,2.9699049989382424,0.1025531340751373,12,0.2796510901922981,0.009373683785696424,12,0.7632958218252336,0.004948890159152252,9,0.46547619047619054,0.0041239304942115975,9
real4,dino_full_ema,4,12,0.6215893430005957,0.001876776327683672,12,0.6219097423756131,0.0013963844479580646,12,0.43988813562634216,0.00429795950632156,12,578.8333333333334,4.725815626252608,12,146.41666666666666,1.8763883748662837,12,0.3216472285719036,0.0015303497506501532,12,0.21585591766677636,0.002736703719966955,12,0.7247005376785166,0.0018684372176506724,12,0.4596754024180026,0.004445331176574837,12,0.7841440823332236,0.002736703719967015,12,987.3333333333334,1.8763883748662837,12,265.1666666666667,4.725815626252609,12,0.7824195390168066,0.001030613020476435,12,0.7013702844983443,0.0025485946884089093,12,0.04741363328317368,0.00918093618204828,12,9.916666666666666,0.14433756729740646,12,0.5915447483931756,0.00904888907243305,12,0.13745749192458828,0.006542280521871068,12,0.30095085797044013,0.006199663928768265,12,0.5936101173448035,0.009692416074056846,12,0.6391495487083723,0.010845756354179146,12,0.6253770739064857,0.005551444896054075,12,5.416666666666667,0.3818813079129867,12,10.169838346633925,0.8230452674897109,9,0.6184782822308778,0.0026553309356392974,12,0.6211873483314253,0.0019929301338716733,12,0.4525227799331945,0.003911967796744159,12,561.3333333333334,4.193248541803041,12,160.25,2.6457513110645907,12,0.3184256906562207,0.0031983643480673054,12,0.23388539803212324,0.003594887873457206,12,0.7116476481937527,0.00322758282991028,12,0.47626009469497377,0.003815776271145827,12,0.7661146019678767,0.003594887873457197,12,973.5,2.6457513110645907,12,282.6666666666667,4.193248541803042,12,16.5,0.0,12,30.083333333333332,0.07216878364870323,12,120.33333333333333,0.2886751345948129,12,1977.75,0.0,12,844.0,0.0,12,0.01075001750389989,2.1245936804851847e-18,12,265.5,0.0,12,0.04714781139752972,0.0034426594599586443,12,0.6180376723706329,0.00259319451729829,12,0.7005990097581424,0.0025637032870558813,12,19.416666666666668,0.14433756729740643,12,1.995153764843619,0.0907204740851373,12,2.363520376419317,0.0370870660915202,12,0.28255764583875076,0.010095416100588598,12,0.8410474452018569,0.004276668660663901,9,0.580026455026455,0.009851611736172215,9
real4,dino_global_pca,4,12,0.6157207296640869,0.0,12,0.6105419093579926,0.0,12,0.38426055236161466,6.798699777552591e-17,12,636.5,0.0,12,117.5,0.0,12,0.3096084955169252,0.0,12,0.1794904995754488,0.0,12,0.7575305675316963,0.0,12,0.40057431829143386,0.0,12,0.8205095004245514,1.3597399555105182e-16,12,1016.25,0.0,12,207.5,0.0,12,0.7410320427160157,0.0,12,0.6385023300676367,0.0,12,0.0026236758567392826,0.0,12,7.5,0.0,12,0.63348941268763,0.0,12,0.0858023743860108,0.0,12,0.22646348924379767,0.0,12,0.5436172573289931,0.0,12,0.7419642857142857,1.3597399555105182e-16,12,0.5202865761689291,0.0,12,3.75,0.0,12,9.444558124730008,0.0,9,0.6075255539564167,0.0,12,0.6060716171438866,0.0,12,0.39998982296084745,6.798699777552591e-17,12,616.0,0.0,12,141.25,0.0,12,0.29303218940245823,0.0,12,0.2084345464544928,0.0,12,0.7105843000872637,1.3597399555105182e-16,12,0.420577780742266,0.0,12,0.7915654535455072,0.0,12,992.5,0.0,12,228.0,0.0,12,16.5,0.0,12,30.875,0.0,12,123.5,0.0,12,1977.75,0.0,12,844.0,0.0,12,0.01075001750389989,2.1245936804851847e-18,12,265.5,0.0,12,0.03237762400402186,0.0,12,0.5842842463953307,0.0,12,0.6376665683761837,0.0,12,15.75,0.0,12,0.004857226274907589,0.0,12,0.009749091288540512,0.0,12,0.0033192322589457035,0.0,12,0.8370856045733497,0.0,9,0.5630952380952382,0.0,9
real4,dino_spatiotemporal,4,12,0.6103143343517806,0.0025391331410629502,12,0.6083829677759373,0.0021889275366726657,12,0.37580211308899614,0.003990934179039265,12,644.5,2.384848003542364,12,118.5,1.14564392373896,12,0.305127532747536,0.002567427319909412,12,0.18077652440295608,0.0028834689213270127,12,0.7546165151093237,0.005930957207155773,12,0.3975424599548307,0.0017686929640889826,12,0.8192234755970439,0.002883468921327024,12,1015.25,1.14564392373896,12,199.5,2.384848003542364,12,0.774906311265268,0.00132785259265091,12,0.6872406282870003,0.0027313331622095312,12,0.00582737335935235,0.0008133846069850334,12,8.083333333333334,0.14433756729740646,12,0.6115881622509545,0.004302226067339593,12,0.1210074344223893,0.0035131047411942344,12,0.2675325024490751,0.0046545979736522455,12,0.5389785691451002,0.0037968746199852567,12,0.6954699775533109,0.020385730155633754,12,0.5461161387631975,0.002612444656966687,12,4.75,0.25,12,11.606757156173975,1.0632601642534563,9,0.6033819373147439,0.002422509745048725,12,0.605038473656291,0.0021314988724903316,12,0.397517957184289,0.003283139656219399,12,620.9166666666666,1.8427786989579984,12,141.75,1.3919410907075054,12,0.2938261053177168,0.003085512915552509,12,0.21040876128145988,0.002891136152150625,12,0.7172370618819078,0.0023709949113280954,12,0.4204857085940419,0.001600073040624215,12,0.7895912387185401,0.002891136152150601,12,992.0,1.3919410907075054,12,223.08333333333334,1.8427786989579986,12,16.5,0.0,12,29.0,0.21650635094610965,12,116.0,0.8660254037844386,12,1977.75,0.0,12,844.0,0.0,12,0.01075001750389989,2.1245936804851847e-18,12,265.5,0.0,12,0.026626808526436327,0.0009746092326586839,12,0.60670984646044,0.002781757765504694,12,0.6864498835563272,0.0027203744041302148,12,15.583333333333334,0.38188130791298663,12,2.147596119903028,0.10812097164299096,12,3.3022058407465615,0.09531527012112416,12,0.29001281410455704,0.007526800850279236,12,0.761674480203892,0.007757136223742013,9,0.45793650793650803,0.01718304372588172,9
real4,dino_state_pca,4,12,0.6080063653691542,0.0,12,0.594197636790879,0.0,12,0.29888954780925947,0.0,12,707.25,0.0,12,82.0,0.0,12,0.25000474223333413,0.0,12,0.1296523488518544,0.0,12,0.8071520062560674,1.3597399555105182e-16,12,0.31804762243361234,0.0,12,0.8703476511481455,1.3597399555105182e-16,12,1051.75,0.0,12,136.75,0.0,12,0.7109875048457784,1.3597399555105182e-16,12,0.6239713807996526,0.0,12,0.0032765124924480915,0.0,12,4.5,0.0,12,0.7372101829502044,0.0,12,0.0986566350045635,1.6996749443881478e-17,12,0.20105640821112225,0.0,12,0.3757454151289636,6.798699777552591e-17,12,0.7805316091954023,0.0,12,0.39981146304675724,6.798699777552591e-17,12,4.75,0.0,12,10.79735352295205,0.0,9,0.6026471834216863,0.0,12,0.5928568807826021,0.0,12,0.3218406817730832,0.0,12,687.75,0.0,12,101.75,0.0,12,0.2434304329995215,0.0,12,0.15467938090834918,0.0,12,0.699759791303909,0.0,12,0.3403931424735534,6.798699777552591e-17,12,0.8453206190916506,1.3597399555105182e-16,12,1032.0,0.0,12,156.25,0.0,12,16.5,0.0,12,30.5,0.0,12,122.0,0.0,12,1977.75,0.0,12,844.0,0.0,12,0.01075001750389989,2.1245936804851847e-18,12,265.5,0.0,12,0.016163627744942236,0.0,12,0.5759644242796637,0.0,12,0.6230854195309015,0.0,12,11.25,0.0,12,0.007074129534885287,0.0,12,0.019204344367608428,0.0,12,0.004401424899697304,0.0,12,0.8312969102429886,0.0,9,0.6329365079365079,0.0,9
real4,dino_visual_state,4,12,0.6115511690046721,0.0049115272733152105,12,0.6087793487715671,0.0045500436972474,12,0.3855795026361866,0.011507702097003492,12,635.1666666666666,8.178987304876646,12,123.33333333333333,0.2886751345948129,12,0.304821903610726,0.007167748763876753,12,0.1866083786539121,0.00123521465964952,12,0.7452438286037428,0.003618308068867763,12,0.4041670761970464,0.008154337831240591,12,0.813391621346088,0.0012352146596495898,12,1010.4166666666666,0.2886751345948129,12,208.83333333333334,8.178987304876646,12,0.7510792019182415,0.002482148881284407,12,0.6603327917083109,0.003978980121249585,12,0.014476027397904545,0.00575958769181032,12,7.833333333333333,0.38188130791298663,12,0.6358528321654705,0.002670143147360567,12,0.11470307459997227,0.007354426605044122,12,0.24443940597781708,0.005069107672983837,12,0.5265505741170081,0.021196660381626032,12,0.7000961346242653,0.020924678968813976,12,0.5348039215686273,0.019514257753580337,12,5.0,0.25,12,12.122865652638518,0.5316300821267271,9,0.6054095366317015,0.004846608829144725,12,0.6060105067648908,0.004755035278434444,12,0.4059438004463907,0.012283914242975544,12,611.5833333333334,9.887913497464131,12,145.16666666666666,1.6645820296198481,12,0.29570353514665926,0.008198864098202956,12,0.2148353327487682,0.001232945321792243,12,0.7158528669427643,0.0018784496376484227,12,0.4268563462785499,0.009765354717551323,12,0.7851646672512319,0.0012329453217922472,12,988.5833333333334,1.6645820296198484,12,232.41666666666666,9.88791349746413,12,16.5,0.0,12,28.833333333333332,1.1547005383792515,12,115.33333333333333,4.618802153517006,12,1977.75,0.0,12,844.0,0.0,12,0.01075001750389989,2.1245936804851847e-18,12,265.5,0.0,12,0.026052511651793148,0.0032174516189877856,12,0.5952406763181285,0.002469085425389969,12,0.6594870080505297,0.003953928502788204,12,17.416666666666668,0.7637626158259733,12,2.282592703898748,0.12077069364323925,12,3.1865413784980774,0.12860204503637543,12,0.2722798459532593,0.008650753705290993,12,0.7663045800423252,0.004993496646400161,9,0.45714285714285713,0.010309826235528995,9
real4,object_raw_plain_ae,4,12,0.6129839283959106,0.008220314355282842,12,0.6067173753048236,0.006864858337879272,12,0.32160446168370654,0.007533769553307426,12,689.0833333333334,2.155419526062927,12,92.25,6.85109480302236,12,0.27767428443109415,0.009834871544264472,12,0.14587402876709946,0.011064070523818435,12,0.7489137550582979,0.012772180403680949,12,0.35930877937674666,0.0034279646786479975,12,0.8541259712329006,0.011064070523818477,12,1041.5,6.85109480302236,12,154.91666666666666,2.155419526062927,12,0.7497068168636855,0.0025327665406993786,12,0.6508949146048872,0.00307942564760565,12,0.2184760778521498,0.005198927771879765,12,5.25,0.4330127018922193,12,0.7607313066932485,0.0024739130040764097,12,0.11983338948747757,0.004378040175271012,12,0.2331561109498367,0.0012005668685056506,12,0.4193770529630134,0.015674042161618763,12,0.754124895572264,0.02237540375041239,12,0.42187028657616893,0.018301685166700717,12,3.3333333333333335,0.3818813079129867,12,9.974308255462338,0.8230452674897126,9,0.608181355046577,0.005639733544242203,12,0.604775645298553,0.004307264236465705,12,0.3452209011175948,0.005199513434897009,12,668.75,1.5206906325745548,12,107.58333333333333,5.375484474290046,12,0.2860959783419607,0.006221126146575181,12,0.16640724292848114,0.008280762976828492,12,0.752668658567842,0.01234894231462191,12,0.37595853352558706,0.00041478246587380664,12,0.8335927570715188,0.008280762976828506,12,1026.1666666666667,5.3754844742900465,12,175.25,1.5206906325745548,12,16.5,0.0,12,32.333333333333336,6.342236067297821,12,129.33333333333334,25.368944269191285,12,1977.75,0.0,12,844.0,0.0,12,0.01075001750389989,2.1245936804851847e-18,12,265.5,0.0,12,0.03977111768896836,0.0030281288730183153,12,0.5907421168721804,0.0013841806714269746,12,0.6528256646782706,0.0029623059074721835,12,9.666666666666666,0.7216878364870322,12,1.7513201882441838,0.05392567789491565,12,4.40404470761617,0.06415677374203732,12,0.4334225933998823,0.008785235598210374,12,0.755319423223835,0.011604827026194567,9,0.41111111111111115,0.0020998026278290535,9
real4,object_roi_denoising_ae,4,12,0.6178962188580952,0.0006251732569535668,12,0.611834424664513,0.00035265790845432493,12,0.3322104485793987,0.004359191919631919,12,682.5833333333334,3.5910769044025406,12,88.91666666666667,0.38188130791298663,12,0.29108894913073385,0.006191100253270369,12,0.14006147148615739,0.0006199371881704263,12,0.7387997088310111,0.012600545583405173,12,0.36373032081518336,0.0002480131706728461,12,0.8599385285138427,0.0006199371881704626,12,1044.8333333333333,0.3818813079129867,12,161.41666666666666,3.5910769044025406,12,0.7584044398067058,0.005568510931429171,12,0.661160074813656,0.005444048775513851,12,0.2138061337172985,0.01053114225621537,12,4.916666666666667,0.14433756729740646,12,0.7420472424124656,0.012316520373837743,12,0.12313566224662013,0.0029631713210155034,12,0.24062451200091473,0.00816540887232698,12,0.4108569418626767,0.01117965428752524,12,0.7875270562770563,0.01193412888725523,12,0.4141402714932127,0.008490445135141557,12,3.25,0.0,12,10.072073301048132,0.0,9,0.6094425308656771,0.0015569835507717382,12,0.6082301887723226,0.0014250067447114005,12,0.3510921674494945,0.003161767895095591,12,663.0833333333334,3.685557397915997,12,107.75,2.5,12,0.294506895583454,0.0027064879939494198,12,0.16502864699018138,0.0037925513466706426,12,0.7475303038909024,0.0037413405676216035,12,0.38148902453482664,0.002950478875299691,12,0.8349713530098186,0.0037925513466706686,12,1026.0,2.5,12,180.91666666666666,3.685557397915997,12,16.5,0.0,12,30.458333333333332,3.1133114738704406,12,121.83333333333333,12.453245895481762,12,1977.75,0.0,12,844.0,0.0,12,0.01075001750389989,2.1245936804851847e-18,12,265.5,0.0,12,0.035639681314333864,0.002503598806987758,12,0.5938435243415162,0.0022130214941438815,12,0.663837523550633,0.005251045187574504,12,10.5,0.6614378277661477,12,1.8077770272890727,0.033814480752630806,12,4.740145226319631,0.06816908024708555,12,0.3550642393529415,0.0021063283358559136,12,0.7679770510897962,0.0067567608424738,9,0.43743386243386245,0.030754181600215837,9
real4,object_roi_forecast,4,12,0.6181856317631016,0.003486275225526707,12,0.6029566807372225,0.003666374303124848,12,0.3295148968469933,0.005531103946267338,12,689.1666666666666,2.809952550014561,12,86.75,2.29128784747792,12,0.25016473239727605,0.00905046093342178,12,0.1323882803697081,0.0028357370146432225,12,0.6337268625079027,0.020179414795993934,12,0.33830164184415296,0.004513548148783568,12,0.8676117196302918,0.0028357370146432225,12,1047.0,2.29128784747792,12,154.83333333333334,2.809952550014561,12,0.6911226401471907,0.0033185226548656604,12,0.5885040538068119,0.002683273370727699,12,0.22062261402606964,0.0004058433090426168,12,6.583333333333333,0.14433756729740646,12,0.8030337496456016,0.008237564395113441,12,0.0895990875761737,0.0006197426989179005,12,0.1772275656722635,0.0027279248693776797,12,0.46430852476753676,0.006569884662180906,12,0.6599142202403071,0.03855768722741111,12,0.4717194570135746,0.005551444896054075,12,4.75,0.5,12,11.84851723014195,0.9225386897283366,9,0.6107206867071339,0.002275782782145208,12,0.5996952123852667,0.0025683661925017666,12,0.3487993186893163,0.001920251961806709,12,670.0833333333334,0.8779711460710616,12,109.75,2.179449471770337,12,0.24694139155135994,0.0028493938546075093,12,0.1594567111564725,0.002349849978853768,12,0.6453909011558036,0.007781394725077973,12,0.358847135927006,0.0028604780175532562,12,0.8405432888435275,0.002349849978853807,12,1024.0,2.179449471770337,12,173.91666666666666,0.8779711460710615,12,16.5,0.0,12,12.75,0.125,12,51.0,0.5,12,1977.75,0.0,12,844.0,0.0,12,0.01075001750389989,2.1245936804851847e-18,12,265.5,0.0,12,0.0658077689085641,0.003503440255447806,12,0.5600555065550442,0.0015936351849550117,12,0.5901019372370214,0.002723084906433368,12,13.0,0.4330127018922193,12,1.1895078476518393,0.021389790787452206,12,3.29981122414271,0.08717160054375798,12,0.3956986963748932,0.016617569443840075,12,0.7410776002320119,0.0003887880600603779,9,0.45052910052910056,0.0032075014954979415,9
real4,object_roi_plain_ae,4,12,0.6081388533395282,0.007301769641400735,12,0.6019663437108583,0.005090209260975285,12,0.3055494468417402,0.006049649144666022,12,698.75,1.14564392373896,12,92.41666666666667,6.2366524140225525,12,0.2502156932609989,0.017891981647400936,12,0.14595007839656715,0.010550698550330943,12,0.6437343108077563,0.10147552070243518,12,0.34988276581828376,0.0003764703358628581,12,0.8540499216034328,0.010550698550330981,12,1041.3333333333333,6.2366524140225525,12,145.25,1.14564392373896,12,0.7512567835802252,0.0008080043333750861,12,0.6525814570591467,0.0030013941511008797,12,0.2151672684121877,0.003849542323382286,12,4.25,0.4330127018922193,12,0.7620496388102022,0.006090482946754829,12,0.11118468325275327,0.0033878497049065993,12,0.23234954069091748,0.0059061239635520325,12,0.358265172257263,0.03205011004026734,12,0.6560759537733222,0.12657436357848634,12,0.3817119155354449,0.018301685166700717,12,3.5,0.25,12,10.350956089737293,0.4159322456825162,9,0.5999024913439343,0.004363198098907379,12,0.5970816577329976,0.0021555894091425795,12,0.31914009123804316,0.0027226788428143687,12,685.0833333333334,0.8779711460710616,12,108.08333333333333,4.625563028792639,12,0.25868416295008073,0.0042198427231915775,12,0.16655384810772114,0.007638199087457634,12,0.7131020432763141,0.01676502234124099,12,0.36071716357371625,0.0034764972769719808,12,0.8334461518922788,0.007638199087457662,12,1025.6666666666667,4.625563028792639,12,158.91666666666666,0.8779711460710615,12,16.5,0.0,12,38.611111111111114,5.110809169825299,11,154.44444444444446,20.443236679301197,11,1977.75,0.0,12,844.0,0.0,12,0.01075001750389989,2.1245936804851847e-18,12,265.5,0.0,12,0.03535992102366273,0.0016879382861805993,12,0.590707354287281,0.0027883561522547974,12,0.6548186360985694,0.0027959311748419493,12,8.75,0.75,12,1.7664079119761784,0.05400948613066701,12,4.5940296451250715,0.0591457195740256,12,0.3818626720458269,0.006344093137013183,12,0.7548564602608722,0.016778915545366497,9,0.4055555555555556,0.018184824186332726,9
real4,roi_hybrid,4,12,0.6000822167419199,0.0012314035513547364,12,0.6011965709874887,0.0010890441957591712,12,0.34796146612714024,0.006268070616394807,12,663.0,4.630064794363034,12,119.66666666666667,2.126225137028846,12,0.27726838560101585,0.0030525713582862987,12,0.18495597653957907,0.0027104447599931203,12,0.7092192873438444,0.0011512552296178817,12,0.3873491185145565,0.0037891399936657868,12,0.8150440234604209,0.0027104447599931095,12,1014.0833333333334,2.126225137028846,12,181.0,4.630064794363034,12,0.7765323598060565,0.003251372857771572,12,0.6692643715625612,0.00389065600730591,12,0.08223056389639775,0.0007380950319094851,12,6.75,0.25,12,0.6164751856435364,0.001924755834885458,12,0.10355425750842573,0.0031124732548229086,12,0.2340438721393314,0.004191937281832395,12,0.5094040016246523,0.015150813270371127,12,0.7460227272727273,0.01736547236313651,12,0.4880467571644042,0.012249099450060938,12,3.0,0.0,12,9.346793079144215,0.0,9,0.5995356311645738,0.0027755486810096632,12,0.6030300011684434,0.002334023534812353,12,0.3745628269878481,0.0074227102221602025,12,639.75,5.220153254455275,12,134.41666666666666,0.7637626158259733,12,0.28445823798796815,0.0046093352569368615,12,0.20272620469119262,0.0012248555978063304,12,0.7055242783854477,0.0016122132326281007,12,0.4087862070280794,0.0041658629032508285,12,0.7972737953088074,0.001224855597806285,12,999.3333333333334,0.7637626158259733,12,204.25,5.220153254455275,12,16.5,0.0,12,28.333333333333332,0.31457643480294795,12,113.33333333333333,1.2583057392117918,12,1977.75,0.0,12,844.0,0.0,12,0.01075001750389989,2.1245936804851847e-18,12,265.5,0.0,12,0.04755254140749864,0.003556901618790323,12,0.5896979361405532,0.0020000075870045884,12,0.668429821845581,0.003942128182608148,12,11.083333333333334,0.6291528696058958,12,2.0708470791578293,0.0469737796874732,12,3.528968413670858,0.0396274215617163,12,0.2921873539065321,0.005873406170525638,12,0.7448410281621066,0.00385450724637064,9,0.42103174603174603,0.016495721976846487,9
real4,roi_hybrid_ema,4,12,0.5769362812111625,0.004562364506903047,12,0.5844482365021021,0.004020136306326906,12,0.34707572398165537,0.011939008637637987,12,652.25,8.01950746617272,12,151.58333333333334,0.5204164998665333,12,0.24394101749229577,0.01199256446915344,12,0.22801761135333534,0.0013789380669333897,12,0.669185119099604,0.018361080406717002,12,0.3969140843575396,0.00676071069016061,12,0.7719823886466647,0.0013789380669333871,12,982.1666666666666,0.5204164998665332,12,191.75,8.01950746617272,12,0.7839387340599998,0.0032457466063153294,12,0.6758710750047593,0.0035130497015699244,12,0.12340161877040705,0.0016808743178485946,12,7.416666666666667,0.28867513459481287,12,0.600855866502451,0.011316383996313564,12,0.12076237143773173,0.0007076413817588754,12,0.24270160159782164,0.0043134649899962685,12,0.5052912286131845,0.011977500642080153,12,0.6300980738674237,0.003469450142747158,12,0.524132730015083,0.01110288979210815,12,5.333333333333333,0.14433756729740646,12,13.252770619773356,0.8230452674897109,9,0.5738575950035415,0.006067259457211599,12,0.5843358662927267,0.00554524790323983,12,0.3664307446676385,0.015698479639107938,12,634.0833333333334,11.116804097101529,12,165.0,0.75,12,0.24792196102977704,0.015375705555472201,12,0.24507185764787157,0.0020639386830151253,12,0.6809975310470051,0.016746382043347354,12,0.41374359023332513,0.009256203365518934,12,0.7549281423521284,0.0020639386830151388,12,968.75,0.75,12,209.91666666666666,11.116804097101529,12,16.5,0.0,12,28.708333333333332,8.237047913745151,12,114.83333333333333,32.948191654980604,12,1977.75,0.0,12,844.0,0.0,12,0.01075001750389989,2.1245936804851847e-18,12,265.5,0.0,12,0.07994949177465772,0.00022093244733873001,12,0.5913340291667355,0.0019079705525402969,12,0.6751518803155895,0.0035640139385012446,12,14.75,0.8660254037844386,12,2.138244824273496,0.04581075618638976,12,2.6179513536903714,0.026964810630009998,12,0.3163344609111783,0.004757823678284896,12,0.7754619196163314,0.0032634733994037586,9,0.47156084656084657,0.011853947991129389,9
real4,roi_hybrid_state,4,12,0.6017194256054738,0.0017627542304077025,12,0.6025132535496721,0.001379265545472619,12,0.35391476149811946,0.0036236475702667715,12,658.8333333333334,2.504163200219453,12,120.58333333333333,1.7559422921421233,12,0.27948309830905765,0.002577983978392461,12,0.1859277696753577,0.002315351007099784,12,0.7049094146094704,0.003396784291662122,12,0.39095427677470185,0.0018532453250775217,12,0.8140722303246424,0.002315351007099821,12,1013.1666666666666,1.7559422921421233,12,185.16666666666666,2.504163200219453,12,0.7763988849760987,0.0033118827225927256,12,0.6686230180701761,0.004254109954262472,12,0.09569404646754265,0.003612063928644005,12,7.083333333333333,0.14433756729740646,12,0.6239526107445025,0.0030355539512862337,12,0.10287408881881281,0.0042027659147147595,12,0.2299833522975452,0.005085052636954676,12,0.5198718719079626,0.010791842393424868,12,0.7312200956937799,0.017112616392791755,12,0.500867269984917,0.008490445135141526,12,3.25,0.0,12,9.346793079144215,0.0,9,0.6013233104622979,0.002034321577354094,12,0.6046338125045125,0.0017414392899770025,12,0.383399245095245,0.00606635227044136,12,632.4166666666666,4.502314219746699,12,137.33333333333334,1.4648663192705786,12,0.28613604422763156,0.0027166578337514853,12,0.20597121169989493,0.0006235571584333254,12,0.6981200262187892,0.003038429363358646,12,0.4152388367089201,0.003707543659029936,12,0.7940287883001051,0.0006235571584332828,12,996.4166666666666,1.4648663192705789,12,211.58333333333334,4.5023142197467,12,16.5,0.0,12,28.458333333333332,0.36084391824351614,12,113.83333333333333,1.4433756729740645,12,1977.75,0.0,12,844.0,0.0,12,0.01075001750389989,2.1245936804851847e-18,12,265.5,0.0,12,0.05065174251903842,0.002882844411521408,12,0.5885554599386214,0.0023901455435306643,12,0.6678007932592586,0.004279025665489955,12,11.916666666666666,0.5773502691896257,12,1.906753920018673,0.05389034893347744,12,3.1101287206014,0.05167003667456935,12,0.289432592689991,0.0028651793434107935,12,0.7446712750756869,0.001595233205291714,9,0.42460317460317465,0.005952380952380931,9
real4,visual_state_transition,4,12,0.5864118602525544,0.0,12,0.5,0.0,12,0.0,0.0,12,844.0,0.0,12,0.0,0.0,12,0.0,0.0,12,0.0,0.0,12,0.0,0.0,12,0.0,0.0,12,1.0,0.0,12,1133.75,0.0,12,0.0,0.0,12,0.49960107506888213,6.798699777552591e-17,12,0.41704703764444045,6.798699777552591e-17,12,0.0,0.0,12,0.0,0.0,12,1.0,0.0,12,0.006690369321220013,0.0,12,0.030908805354613947,0.0,12,0.0,0.0,12,0.0,0.0,12,0.0,0.0,12,0.0,0.0,12,0.0,0.0,9,0.5842121551575647,0.0,12,0.4994389485003985,0.0,12,0.015809331012632554,0.0,12,837.5,0.0,12,8.75,0.0,12,-0.0043575959675615445,0.0,12,0.00923824346672019,0.0,12,0.39822595704948655,6.798699777552591e-17,12,0.008116140467517192,0.0,12,0.9907617565332799,1.3597399555105182e-16,12,1125.0,0.0,12,6.5,0.0,12,16.5,0.0,12,,,,,,,1977.75,0.0,12,844.0,0.0,12,0.00825616612856285,0.0,12,265.5,0.0,12,0.0074113061398919195,0.0,12,0.5005088817110094,0.0,12,0.40646628121605577,0.0,12,0.0,0.0,12,0.0,0.0,12,3.538988471031189,0.0,12,0.0,0.0,12,0.745163676193088,0.0,9,0.39682539682539675,0.0,9
synthetic12,dino_fewshot3_denoising_ae,12,12,0.7544216940490106,,12,0.4999853803447632,,12,0.055401735999260494,,12,621.0833333333334,,12,69.33333333333333,,12,-0.019849190796607918,,12,0.036975574245367245,,12,0.151778640749229,,12,0.03694633493489361,,12,0.9630244257546328,,12,1978.0833333333333,,12,10.583333333333334,,12,0.6629239842823914,,12,0.3205901891325191,,12,0.2203253988797466,,12,0.5833333333333334,,12,0.6532288764727429,,12,0.021585139595040586,,12,0.04072353435649539,,12,0.08465884960450178,,12,0.14930555555555555,,12,0.06035353535353536,,12,3.8333333333333335,,12,3.758532737337784,,12,0.7489914179414163,,12,0.4978244910733897,,12,0.0595070534646757,,12,619.6666666666666,,12,84.08333333333333,,12,-0.03146908473385123,,12,0.046098899759495604,,12,0.12455660356542021,,12,0.04174788190627515,,12,0.9539011002405043,,12,1963.3333333333333,,12,12.0,,12,9.666666666666666,,12,36.333333333333336,,6,145.33333333333334,,6,2679.0833333333335,,12,631.6666666666666,,12,0.010278898917530782,,12,1319.75,,12,0.015193493472730893,,12,0.5017004221978479,,12,0.31966200279451606,,12,4.5,,12,0.23060201139499745,,12,1.1037877301375072,,12,0.21270001865923405,,12,0.43675413493272314,,12,0.3537434530490086,,12
synthetic12,dino_frame_denoising_ae,12,36,0.7520511670527453,0.0016396373649959868,36,0.5195704373883628,0.00408594449194653,36,0.14003039162608436,0.00904356506273891,36,581.8055555555555,5.329642820357887,36,135.55555555555557,4.090413363155544,36,0.033794362025258644,0.007887620891620116,36,0.06695657847557417,0.0015866284831368791,36,0.23008471188347882,0.005804636301548287,36,0.10609745325230001,0.009065747937390343,36,0.9330434215244258,0.0015866284831368952,36,1911.861111111111,4.090413363155475,36,49.86111111111111,5.329642820357906,36,0.6662300751066148,0.0014154578942366103,36,0.34689340491629633,0.001371065615408766,36,0.03633767663915124,0.00011077453297758642,36,1.6944444444444444,0.09622504486493767,36,0.7698185521283367,0.0053182193584849925,36,0.02297796806707698,0.0005053250008330493,36,0.06899781489040459,0.0071015666787538866,36,0.1935717301972181,0.012626104144281811,36,0.24242962334360185,0.025317679073033516,36,0.17815656565656565,0.009622504486493778,36,5.722222222222222,0.4194352464039308,36,4.773585904607368,0.18652971199452373,36,0.7489797496997155,0.0012147045516008696,36,0.5222800866296441,0.0033963109257360673,36,0.15215700462784923,0.007317380080557053,36,574.5277777777778,5.454568251916465,36,147.61111111111111,3.2105872313909085,36,0.036959083256022825,0.006491084583302248,36,0.07533470230549755,0.001474733153208262,36,0.2288343378242842,0.004772231503639732,36,0.11989487556478573,0.007731114212840964,36,0.9246652976945025,0.0014747331532083561,36,1899.8055555555557,3.2105872313908357,36,57.138888888888886,5.454568251916442,36,9.666666666666666,0.0,36,10.733333333333334,1.1060440015358044,15,42.93333333333334,4.424176006143218,15,2679.0833333333335,0.0,36,631.6666666666666,0.0,36,0.010278898917530782,0.0,36,1319.75,0.0,36,0.018231130316684937,0.0005334406643233514,36,0.5181532751349797,0.0001236318829616573,36,0.3459055004662046,0.0013967902565326434,36,9.388888888888888,0.20971762320196582,36,0.04544900023999313,0.0003648426251765314,36,0.5262731518596411,0.003989374343253213,36,0.030401246415244207,0.0003741811699722814,36,0.4993964398749006,0.005953468812185891,36,0.4171343060231949,0.004620006451001604,36
synthetic12,dino_frame_forecast,12,36,0.7510671272958988,0.0020736808420037433,36,0.5411324861330801,0.009561707593423672,36,0.1725465795885546,0.01655520714237981,36,581.5833333333334,9.093648577135859,36,132.2777777777778,4.238000489399238,36,0.07076444171453777,0.015963283549989972,36,0.06635715960499013,0.0012536435388466939,36,0.26555396924561214,0.016087535987464933,36,0.1486221318711504,0.019466752010458676,36,0.9336428403950099,0.0012536435388466177,36,1915.138888888889,4.238000489399293,36,50.083333333333336,9.093648577135825,36,0.708621197227835,0.0013733079531348263,36,0.37800663625165515,0.003688479283757879,36,0.08984792118685114,0.0007866653334678212,36,2.2222222222222223,0.12729376930432887,36,0.6875863876737028,0.0017054990268861863,36,0.05757461220778228,0.0029984890330791453,36,0.12173783585207133,0.01289725425238172,36,0.2530003839387798,0.013399068036242046,36,0.2798999996916664,0.0164587322978213,36,0.2676767676767677,0.018465018756055003,36,5.75,0.22047927592204927,36,4.636959414569397,0.01631922865826122,36,0.7471085522721199,0.0017608094530183888,36,0.548074345457435,0.008465424118606192,36,0.18494040083175523,0.011514076300843853,36,570.3611111111112,8.279129270731358,36,151.08333333333334,4.18413007021107,36,0.07289276696539342,0.011603876573349926,36,0.07844165478306764,0.0008429030257472959,36,0.2548571587329451,0.01060623925868521,36,0.17459034569793772,0.017141127845576122,36,0.9215583452169324,0.000842903025747284,36,1896.3333333333333,4.184130070211045,36,61.30555555555555,8.2791292707314,36,9.666666666666666,0.0,36,17.8015873015873,1.603272824273891,20,71.2063492063492,6.413091297095564,20,2679.0833333333335,0.0,36,631.6666666666666,0.0,36,0.010256782852421086,3.830614843349427e-05,36,1319.75,0.0,36,0.018213857343848117,0.000528105480277608,36,0.5410110506217559,0.002534930161378512,36,0.3764844246467703,0.0036040311290121527,36,9.666666666666666,0.7949493345141208,36,0.12144544720649719,0.0010051796006926889,36,0.8414705627494389,0.016987295567333065,36,0.08199691906985308,5.4529402331754845e-05,36,0.5012921734528345,0.002738936444257842,36,0.40297964210001247,0.005588218077048862,36
synthetic12,dino_frame_plain_ae,12,36,0.7487490990603409,0.0007676093783343694,36,0.5137488566066676,0.0018923835657700119,36,0.12463394002539428,0.006139395078273575,36,591.6944444444445,3.565199594433427,36,135.1388888888889,3.1670321426522587,36,0.017938636926455007,0.004878851551119587,36,0.06679708379028736,0.0011978026485883228,36,0.2096429401806412,0.006180212416017852,36,0.09429479700362252,0.004529729652772248,36,0.9332029162097126,0.0011978026485883354,36,1912.2777777777776,3.167032142652178,36,39.97222222222222,3.5651995944334107,36,0.6320930413633176,0.003942898218693573,36,0.32864795655399365,0.0019148073067983017,36,0.05806703104948004,0.00036567713349712526,36,1.5277777777777777,0.1734721666221778,36,0.8178982953794672,0.006257974998374312,36,0.02314328189575714,0.0003233577035693923,36,0.056284911252878635,0.004226027410663174,36,0.18417882126751148,0.013812118880926967,36,0.2398477067594715,0.016240608034028343,36,0.161489898989899,0.017347216662217765,36,5.416666666666667,0.22047927592204944,36,4.768163361578857,0.13776109666266947,36,0.7458269022673564,0.0003985110649757292,36,0.5159428258476614,0.0013323966703119542,36,0.13599286240916134,0.005144844827327018,36,585.1388888888888,3.1757909484328306,36,146.36111111111111,3.371997978998557,36,0.020267601704538216,0.003539471271096401,36,0.07514484536973526,0.0013110234315873849,36,0.2090787614129547,0.005037910986069257,36,0.10703049706505807,0.003939192792213675,36,0.9248551546302647,0.0013110234315875098,36,1901.0555555555557,3.3719979789985195,36,46.52777777777778,3.1757909484328715,36,9.666666666666666,0.0,36,11.466666666666667,1.6289055630494154,15,45.86666666666667,6.5156222521976614,15,2679.0833333333335,0.0,36,631.6666666666666,0.0,36,0.010278898917530782,0.0,36,1319.75,0.0,36,0.018345887327189114,0.0005441084839837288,36,0.5117740952627953,0.0006750038084171056,36,0.3276858370909778,0.0019190700330431523,36,8.777777777777777,0.5548606765399492,36,0.0708295207263695,0.00034724407044756334,36,0.5983567202670708,0.004771908244665412,36,0.05084136485432585,0.0004731749376951296,36,0.47209038748693394,0.004396741152101207,36,0.3831836887392443,0.0060976966848496315,36
synthetic12,dino_full,12,36,0.7520461052289074,0.00041076019547402843,36,0.5346779509967267,0.0008273987375385848,36,0.17489816655060583,0.0025778265219632947,36,579.5,4.149129761501529,36,137.3611111111111,3.828197042028088,36,0.06835814625226738,0.0016895978077866131,36,0.06761382520404845,0.0018592749304093589,36,0.2695877879670431,0.003056606849072645,36,0.13696972719750178,0.002769167711621421,36,0.9323861747959515,0.0018592749304092496,36,1910.0555555555557,3.8281970420280778,36,52.166666666666664,4.149129761501537,36,0.7121973554927802,0.000293756571490631,36,0.3617891965387044,0.0018477707593259301,36,0.01429053420239749,0.000576684569534475,36,1.8333333333333333,0.08333333333333337,36,0.6429684981459869,0.003923444972183267,36,0.024549163024410552,0.0010640901052578916,36,0.10247826135597572,0.0010096642336949637,36,0.22484376098848624,0.006102544849711997,36,0.26419710893395104,0.016274927374163414,36,0.21704545454545454,0.008333333333333331,36,5.472222222222222,0.04811252243246865,36,4.536130976769795,0.027864175345731393,36,0.7488970853872412,0.0006185321134393647,36,0.5395553962349434,0.0016928806940947935,36,0.18148805576136065,0.005584818635649785,36,571.8333333333334,4.86555352566497,36,150.0277777777778,4.466179492503558,36,0.06673409898940746,0.004099758304379377,36,0.076390268652822,0.0019138613738176743,36,0.2543234524899152,0.005099095448576771,36,0.15550106112270876,0.005296809613043872,36,0.9236097313471779,0.0019138613738176262,36,1897.3888888888887,4.4661794925035885,36,59.833333333333336,4.865553525665,36,9.666666666666666,0.0,36,9.944444444444445,1.9263042719539785,18,39.77777777777778,7.705217087815914,18,2679.0833333333335,0.0,36,631.6666666666666,0.0,36,0.010278898917530782,0.0,36,1319.75,0.0,36,0.018170055661183505,0.00039434640462397236,36,0.5298230934365414,0.0016998114293628732,36,0.3605587991194734,0.001823537611275728,36,9.111111111111112,0.04811252243246813,36,0.15651412825617528,0.0021308450351702054,36,3.736611545085907,0.03200681448039685,36,-0.012217883900221852,0.002958701115888541,36,0.49914454793504826,0.006636919838901854,36,0.42273896371118586,0.005409122499761923,36
synthetic12,dino_full_ema,12,36,0.7517459869696528,0.0008856711649076536,36,0.5397579638915564,0.0025969082287856395,36,0.18016724408751814,0.007186244342644649,36,575.5,5.6205229096391065,36,144.44444444444443,2.843527412941216,36,0.0708983813304988,0.006207457094999089,36,0.07184400393959682,0.0009298039720091374,36,0.2626140736116281,0.006458749467568772,36,0.15135993172270965,0.0058537418985464195,36,0.9281559960604032,0.0009298039720091422,36,1902.9722222222224,2.8435274129411887,36,56.166666666666664,5.62052290963908,36,0.7137633451107495,0.0002260846689330803,36,0.36556081933022216,0.0019342842441188869,36,0.01249380339356822,0.0004732071384020091,36,1.8055555555555556,0.09622504486493767,36,0.6522770218804907,0.002998822941968477,36,0.026103618469955108,0.001445599379852272,36,0.0938676500195122,0.005191024656390547,36,0.21815071585297033,0.011604268810321658,36,0.2509000644417311,0.012499668071431581,36,0.21426767676767677,0.00962250448649376,36,5.138888888888889,0.2926570486903542,36,4.190735122541238,0.167593753108395,36,0.7492262839563172,0.0014048402478034924,36,0.5433453133801441,0.003274338745465391,36,0.18644801703931244,0.008267588743865233,36,570.5555555555557,6.61297826107732,36,154.2777777777778,2.1958504637746277,36,0.07129522711081628,0.007754190690192397,36,0.07872191959407285,0.0005954027108632412,36,0.25518783581178733,0.008009467620601417,36,0.1654125463543612,0.006779292585501654,36,0.9212780804059272,0.0005954027108634293,36,1893.1388888888887,2.1958504637746192,36,61.111111111111114,6.612978261077339,36,9.666666666666666,0.0,36,8.972222222222221,0.048112522432469156,18,35.888888888888886,0.19245008972987662,18,2679.0833333333335,0.0,36,631.6666666666666,0.0,36,0.010278898917530782,0.0,36,1319.75,0.0,36,0.017525742533637183,0.0005696147537187358,36,0.5307817539560737,0.0019434535014412099,36,0.3643008092294027,0.0019202150669761543,36,8.138888888888891,0.17347216662217796,36,0.15133933329993607,0.0037828271264314997,36,3.542935368790982,0.0061727867985574645,36,-0.0044507798769377206,0.001592695953811915,36,0.5039850171370263,0.002489898293370512,36,0.4363753273475495,0.0015251048710438644,36
synthetic12,dino_global_pca,12,36,0.749065299591567,0.0,36,0.5081489658203047,0.0,36,0.10526716747542968,0.0,36,602.6666666666666,0.0,36,122.83333333333333,0.0,36,0.002309059408531114,0.0,36,0.06161950763108712,0.0,36,0.1846353092664772,0.0,36,0.07791743927169657,0.0,36,0.9383804923689129,0.0,36,1924.5833333333333,0.0,36,29.0,0.0,36,0.6184499410334603,0.0,36,0.31564283564732293,0.0,36,0.0013794015782574813,0.0,36,1.3333333333333333,0.0,36,0.8279325524954086,0.0,36,0.022076888769958076,0.0,36,0.048913483830781444,0.0,36,0.16840865044380438,0.0,36,0.2380291005291005,0.0,36,0.13787878787878788,0.0,36,4.5,0.0,36,4.133178578036058,0.0,36,0.7467137750651583,0.0,36,0.5118719320818624,0.0,36,0.12097179444827015,0.0,36,594.75,0.0,36,134.25,0.0,36,0.009134464819423392,0.0,36,0.0697911001145783,0.0,36,0.19152836986954372,0.0,36,0.09353496427830334,0.0,36,0.9302088998854217,0.0,36,1913.1666666666667,0.0,36,36.916666666666664,0.0,36,9.666666666666666,0.0,36,13.6,0.0,15,54.4,0.0,15,2679.0833333333335,0.0,36,631.6666666666666,0.0,36,0.010278898917530782,0.0,36,1319.75,0.0,36,0.017368235632388044,0.0,36,0.5086063983369828,0.0,36,0.31457524926854197,0.0,36,6.916666666666667,0.0,36,0.001842633355408907,0.0,36,0.01617091936835398,0.0,36,0.001260288602982958,0.0,36,0.4484723339096404,0.0,36,0.3554363075196408,0.0,36
synthetic12,dino_spatiotemporal,12,36,0.75149688224902,0.0006494127666452728,36,0.5288126054600194,0.00642334301615992,36,0.1622636950012587,0.012936257212020087,36,580.3333333333334,3.6238024841931535,36,137.44444444444446,3.5836563161933594,36,0.055727197739771604,0.013000406244559443,36,0.06760719924812154,0.0018199039710143454,36,0.2568113625407524,0.012938841474358793,36,0.12523241016816047,0.0132640117608871,36,0.9323928007518786,0.0018199039710144064,36,1909.9722222222224,3.5836563161932875,36,51.333333333333336,3.6238024841931518,36,0.7127526843708495,0.0002840953242188602,36,0.3615384795763809,0.0017013173463180243,36,0.0036386286204409166,0.0010485801382578693,36,1.8055555555555554,0.048112522432468774,36,0.6438773372206735,0.004861102045769706,36,0.02415972408051616,0.00036447668403124384,36,0.1008219561730817,0.001431989158067433,36,0.22362221792088346,0.0031613129468961066,36,0.27035365371895637,0.00704238883016571,36,0.21010101010101012,0.006364688465216437,36,5.472222222222221,0.1924500897298751,36,4.555218978718728,0.033118377992356104,36,0.7486690135934345,0.00018375415205919252,36,0.5344364714030939,0.00744146465630056,36,0.17358507166376902,0.011423736633715183,36,572.3055555555555,4.210051904316246,36,150.08333333333334,3.709035514044657,36,0.05829056794086863,0.011701765015834137,36,0.07636270925471961,0.0016126491956799567,36,0.24744774790720117,0.009150938098254973,36,0.1452356520609073,0.015679912223832932,36,0.9236372907452804,0.0016126491956798231,36,1897.3333333333333,3.709035514044687,36,59.361111111111114,4.210051904316269,36,9.666666666666666,0.0,36,10.166666666666666,1.876388374866284,18,40.666666666666664,7.505553499465136,18,2679.0833333333335,0.0,36,631.6666666666666,0.0,36,0.010278898917530782,0.0,36,1319.75,0.0,36,0.017996339262663086,0.0003427928508934241,36,0.5287879584403702,0.0016562780604349233,36,0.360357338237657,0.0016830432656070459,36,9.194444444444445,0.39381796885438414,36,0.16275682176152864,0.0016794831934712714,36,4.167165524429745,0.03812724943970792,36,-0.022544251444439094,0.002793375363237052,36,0.500651592734496,0.005024341070269502,36,0.4270739805462027,0.0014273097043913075,36
synthetic12,dino_state_pca,12,36,0.7493573980701562,0.0,36,0.5145087715135718,0.0,36,0.13111926708397245,0.0,36,585.25,0.0,36,129.75,0.0,36,0.027116992662473544,0.0,36,0.06418097104642906,0.0,36,0.22777215303449158,0.0,36,0.09319851407357282,0.0,36,0.935819028953571,0.0,36,1917.6666666666667,0.0,36,46.416666666666664,0.0,36,0.6809722651979654,0.0,36,0.35346800093858494,0.0,36,0.0011273599229753017,0.0,36,1.75,0.0,36,0.7553077907011553,0.0,36,0.03173829274819374,0.0,36,0.06903247069319662,0.0,36,0.19761357067062502,0.0,36,0.2352334159399377,0.0,36,0.17664141414141413,0.0,36,6.5,0.0,36,5.268879136287562,0.0,36,0.7467771758048941,0.0,36,0.5195077776669468,0.0,36,0.14955367564393574,0.0,36,574.8333333333334,0.0,36,146.16666666666666,0.0,36,0.033124215500269005,0.0,36,0.07454673528456847,0.0,36,0.22561614299624136,0.0,36,0.11356229061846208,0.0,36,0.9254532647154314,0.0,36,1901.25,0.0,36,56.833333333333336,0.0,36,9.666666666666666,0.0,36,17.0,0.0,21,68.0,0.0,21,2679.0833333333335,0.0,36,631.6666666666666,0.0,36,0.010278898917530782,0.0,36,1319.75,0.0,36,0.01596083805884812,0.0,36,0.5149581062860209,0.0,36,0.3525124746736101,0.0,36,10.166666666666666,0.0,36,0.0016768071024368207,0.0,36,0.019848838885081932,0.0,36,0.000871940515935421,0.0,36,0.4898723972957504,0.0,36,0.42796717171717163,0.0,36
synthetic12,dino_visual_state,12,36,0.7528521241918421,0.0014204679219599235,36,0.5215980098547376,0.003337858709072564,36,0.14414450834881765,0.007097221641974983,36,580.5,4.882650691763442,36,135.80555555555557,4.018475848894472,36,0.037742599236748546,0.006010714717817593,36,0.0669902907309385,0.0016330363518250422,36,0.232767613366876,0.003847091068409218,36,0.11018631044041373,0.007573196245398803,36,0.9330097092690616,0.0016330363518250776,36,1911.611111111111,4.018475848894464,36,51.166666666666664,4.8826506917634145,36,0.6639445598030682,0.0013843422384845303,36,0.3458610893357825,0.0013741058174750556,36,0.010572622724187871,0.0005237020429524033,36,1.6944444444444444,0.09622504486493767,36,0.7725235994582015,0.0051369548177585996,36,0.02295299259655695,0.0004970790215294492,36,0.0692214642823708,0.006791834452886493,36,0.19169133988797885,0.010203564110761433,36,0.23898603963686024,0.020832553610322633,36,0.17815656565656565,0.009622504486493778,36,5.694444444444444,0.37577081273524116,36,4.758675664254294,0.16175428260969307,36,0.7492556425677751,0.001242846123192709,36,0.5231374979003232,0.0035913405370912093,36,0.15395196280695397,0.007713671671285753,36,573.8055555555555,5.662580225905402,36,148.0,3.1457643480294792,36,0.038639030051032586,0.00681002994594937,36,0.07546048593189274,0.0015472398309265968,36,0.23008151045126723,0.004865247032281588,36,0.12173548173253908,0.008256189956002894,36,0.9245395140681073,0.0015472398309266631,36,1899.4166666666667,3.1457643480294792,36,57.861111111111114,5.662580225905396,36,9.666666666666666,0.0,36,10.200000000000001,1.1532562594670792,15,40.800000000000004,4.613025037868317,15,2679.0833333333335,0.0,36,631.6666666666666,0.0,36,0.010278898917530782,0.0,36,1319.75,0.0,36,0.018309941587122614,0.00046429241647584377,36,0.5181725358200131,0.00011042804175482587,36,0.34487776672191256,0.0014004293881599876,36,9.222222222222221,0.25458753860865785,36,0.13594650332298544,0.0034696000824619723,36,3.9225974546538462,0.013139318838276924,36,-0.01910891740893324,0.0033367493435623305,36,0.4972263053314001,0.004345760181364421,36,0.4131780770669659,0.0006880141549704472,36
synthetic12,visual_state_transition,12,36,0.7708972288337086,0.0,36,0.5,0.0,36,0.0,0.0,36,631.6666666666666,0.0,36,0.0,0.0,36,0.0,0.0,36,0.0,0.0,36,0.0,0.0,36,0.0,0.0,36,1.0,0.0,36,2047.4166666666667,0.0,36,0.0,0.0,36,0.49798027995366606,0.0,36,0.23112551904974543,0.0,36,0.0,0.0,36,0.0,0.0,36,1.0,0.0,36,0.007617704744461089,0.0,36,0.019596740471015308,0.0,36,0.0,0.0,36,0.0,0.0,36,0.0,0.0,36,0.0,0.0,36,0.0,0.0,36,0.7671345944438537,0.0,36,0.49996876539528307,0.0,36,0.013260029119274416,0.0,36,627.3333333333334,0.0,36,13.333333333333334,0.0,36,-0.0006362797209726884,0.0,36,0.006937599696469125,0.0,36,0.217464769027269,0.0,36,0.006875130487035346,0.0,36,0.993062400303531,0.0,36,2034.0833333333333,0.0,36,4.333333333333333,0.0,36,9.666666666666666,0.0,36,,,,,,,2679.0833333333335,0.0,36,631.6666666666666,0.0,36,0.005568166292071702,0.0,36,1319.75,0.0,36,0.005365651130755628,0.0,36,0.4984978195712782,0.0,36,0.2208157519020935,0.0,36,0.0,0.0,36,0.0,0.0,36,3.2775625983874,0.0,36,0.0,0.0,36,0.5914947879236666,0.0,36,0.5093340815563038,0.0,36
all16,dino_fewshot3_denoising_ae,16,16,0.7100041924529279,,16,0.5181125348836073,,16,0.11276516841949868,,16,641.0,,16,82.4375,,16,0.04131598289980469,,16,0.075718388699161,,16,0.29211685072753185,,16,0.11194345846637577,,16,0.924281611300839,,16,1736.5625,,16,43.75,,16,0.6739394120556947,,16,0.39598874274108875,,16,0.23266508453525603,,16,1.75,,16,0.6589394807805042,,16,0.037985608071831954,,16,0.08207330140148579,,16,0.16190981160124407,,16,0.26927083333333335,,16,0.14988430686960097,,16,4.125,,16,5.515068010573681,,15,0.7052304979802114,,16,0.5167540457598016,,16,0.12379674384151002,,16,633.6875,,16,97.875,,16,0.034513248053364004,,16,0.088318345889936,,16,0.2677977571491745,,16,0.12182643740953895,,16,0.911681654110064,,16,1721.125,,16,51.0625,,16,11.375,,16,30.55,,10,122.2,,10,2503.75,,16,684.75,,16,0.01039667856412306,,16,1056.1875,,16,0.015104829109041549,,16,0.5206648078948004,,16,0.39510233890259694,,16,6.375,,16,0.35756379389204085,,16,1.0551106184720993,,16,0.23883749777451158,,16,0.4954835342739539,,15,0.3552169846614291,,15
all16,dino_frame_denoising_ae,16,48,0.7174255146719694,0.0008623224287723295,48,0.5422682552498531,0.0030106579979078778,48,0.2022669085494414,0.006394328033871152,48,594.5208333333334,3.442798946109594,48,132.33333333333334,2.818281095514309,48,0.10226141287256646,0.005796180669892031,48,0.09663478988120122,0.0009251715191721034,48,0.35925463635396504,0.005107391067102073,48,0.18117130038090737,0.006557363645346651,48,0.9033652101187988,0.0009251715191721259,48,1686.6666666666667,2.818281095514309,48,90.22916666666667,3.4427989461095945,48,0.6875043872349359,0.0010462155626540833,48,0.42532337045717816,0.0002838127719792656,48,0.057579427860522024,0.00011127975443172171,48,3.25,0.10825317547305482,48,0.7356256964705583,0.004202052108180851,48,0.045879056712405046,0.0021303263684886078,48,0.1133139562215895,0.006274748032878786,48,0.27764931818287186,0.01075554640562276,48,0.35635862164936866,0.023091038322564397,48,0.26811968668586317,0.007569805630699464,48,5.541666666666667,0.4161455074049621,48,6.188572169714285,0.1414323784277914,45,0.7133095993727046,0.0009066186387571245,48,0.5433940200113377,0.002508358191044301,48,0.21616654793459708,0.005294172541431038,48,583.2291666666666,3.56268274385095,48,147.08333333333334,2.245075629758012,48,0.10198207274366333,0.004687496548158673,48,0.11034199955077591,0.0010017677781861088,48,0.35079424494977723,0.003999663735447574,48,0.19713003957345143,0.005627446457186557,48,0.889658000449224,0.0010017677781861132,48,1671.9166666666667,2.245075629758012,48,101.52083333333333,3.56268274385095,48,11.375,0.0,48,19.0,0.2886751345948129,27,76.0,1.1547005383792517,27,2503.75,0.0,48,684.75,0.0,48,0.01039667856412306,0.0,48,1056.1875,0.0,48,0.02058384168134301,0.000636639896716839,48,0.5374830357826235,0.0004918882880465134,48,0.4243707146924085,0.0002894292278797276,48,11.333333333333334,0.3553900439423329,48,0.12202352718062077,0.0016002401256084134,48,0.49775962453956407,0.0046164432133929305,48,0.05844971941163143,0.0002276829045160525,48,0.5527780679083855,0.003923502302195486,45,0.4251360162471274,0.002136443652703843,45
all16,dino_frame_forecast,16,48,0.719007784042347,0.002095945626334487,48,0.558907544435732,0.006607614768247576,48,0.2131103548411846,0.013137956119202338,48,607.5,7.835466243306776,48,119.97916666666667,3.07099162866546,48,0.12609983863850246,0.011730300018791917,48,0.08184227344945273,0.0019714041673263177,48,0.392560792488504,0.012939178600162875,48,0.19965736232091646,0.014599208952105336,48,0.9181577265505473,0.0019714041673263203,48,1699.0208333333333,3.07099162866546,48,77.25,7.835466243306776,48,0.7204635054911916,0.0011907415317062501,48,0.45097801904508045,0.003056524778559894,48,0.13843291555531323,0.0003059948115133483,48,3.1875,0.1875,48,0.672595969306815,0.0017396262252205674,48,0.07067446357441245,0.002699295616958363,48,0.15769650716929173,0.01007435713886427,48,0.30484240537619794,0.011675782017609698,48,0.37589668449527197,0.005568514994192023,48,0.3172734128616482,0.017395181002173632,48,5.354166666666667,0.28867513459481287,48,6.071838727601666,0.3849264800636933,45,0.7147408394581477,0.002238796602872064,48,0.5639320647951083,0.005734830174619716,48,0.22879018758398373,0.009676579786721389,48,593.2291666666666,7.111097547730121,48,139.47916666666666,3.0080187970379,48,0.12715034291709407,0.00878480555480924,48,0.09773313684960354,0.0026004298933558377,48,0.37141551911855336,0.010604667203712354,48,0.22559726643982003,0.013275184383753393,48,0.9022668631503965,0.002600429893355879,48,1679.5208333333333,3.0080187970379,48,91.52083333333333,7.11109754773012,48,11.375,0.0,48,20.19848484848485,0.9987630090313548,32,80.7939393939394,3.9950520361254194,32,2503.75,0.0,48,684.75,0.0,48,0.010380091515290788,2.8729611325121705e-05,48,1056.1875,0.0,48,0.019439744595173485,0.0011242602388325206,48,0.5568615281503578,0.0025019177660644413,48,0.44969148307970724,0.0030052977900349672,48,9.958333333333334,0.7814583055629605,48,0.23764811642467976,0.002563739951880393,48,0.8680174251397451,0.009078523470634012,48,0.14245022251270711,0.0007849074915224557,48,0.5489536932631044,0.002741869444239449,45,0.4076482639445602,0.007834585024292566,45
all16,dino_frame_plain_ae,16,48,0.7148799134572971,0.0006708482156044268,48,0.5379139167279999,0.002088678545017872,48,0.18999574962023913,0.00641478918955732,48,602.6875,3.9523529384405944,48,131.35416666666666,2.63860561345066,48,0.09120669076456944,0.0040643078240025065,48,0.09590841052603598,0.0010456481020838387,48,0.3472722556277399,0.0014134411922724157,48,0.1717362439820358,0.004920852441026925,48,0.9040915894739641,0.0010456481020838808,48,1687.6458333333333,2.63860561345066,48,82.0625,3.9523529384405944,48,0.6619809903575492,0.0032332589267356476,48,0.4137998497794773,0.0033284912697606407,48,0.0826100743142888,0.00041439579127012914,48,3.1875,0.125,48,0.7714539903875147,0.003762679517278035,48,0.04890552304081036,0.0007298531506298208,48,0.1043889125923307,0.007889389388989566,48,0.27567912647597087,0.010158417096884271,48,0.35944997948674423,0.008121248336314687,48,0.2580235328397093,0.012844608351176744,48,5.145833333333333,0.20090939085401988,48,5.909885712794906,0.14165899770234175,45,0.7114185068384046,0.0005615339748688717,48,0.5390228866992014,0.0017552419622733392,48,0.20363730095940724,0.0058739789200601385,48,592.0,3.871470166487145,48,145.04166666666666,3.053131930220726,48,0.09047320857043102,0.0031266046367544585,48,0.10877117901089937,0.00128709171265936,48,0.33768212653096114,0.0012393327170769665,48,0.18681695240930207,0.004735991476815846,48,0.8912288209891006,0.001287091712659389,48,1673.9583333333333,3.053131930220726,48,92.75,3.871470166487145,48,11.375,0.0,48,20.12962962962963,0.7377253439645223,27,80.51851851851852,2.950901375858089,27,2503.75,0.0,48,684.75,0.0,48,0.01039667856412306,0.0,48,1056.1875,0.0,48,0.020847993008684413,0.0007647844143144226,48,0.5341840521838511,0.0020444642159377266,48,0.41285813691210865,0.0033360097703842204,48,10.895833333333334,0.46909709371657093,48,0.152912578623121,0.0011565564690169936,48,0.5711862381237248,0.005592703989892584,48,0.0837378118885681,0.0005287606325409913,48,0.5356169681817543,0.005176183719770032,45,0.4035310779755224,0.006192624031297584,45
all16,dino_full,16,48,0.7169872165307103,0.00022276389642474892,48,0.5535716897623696,0.0009088902252549195,48,0.22562637973063984,0.0014133830210058794,48,595.5208333333334,2.2442055015825386,48,132.41666666666666,2.4305456349003887,48,0.12821259358882126,0.001168665410561049,48,0.09549457143342081,0.0008262891772666981,48,0.39096751752585357,0.0029644670964479912,48,0.2026379509581601,0.0019469726069030822,48,0.9045054285665793,0.0008262891772666484,48,1686.5833333333333,2.4305456349003887,48,89.22916666666667,2.2442055015825386,48,0.7280563766337975,0.00014079426673588907,48,0.44331722218694286,0.0008298841518653373,48,0.01527825343994967,0.0003641928005326162,48,3.3541666666666665,0.1301041249666333,48,0.6345245884249499,0.0037648041706321005,48,0.04890424299520161,0.0015221800110827566,48,0.14330263381047348,0.001298907933305584,48,0.30165157717897295,0.004551101882166965,48,0.3697905436213502,0.009719208833380455,48,0.29771056149732616,0.00808221767201087,48,5.291666666666667,0.07216878364870323,48,6.005125897149945,0.3268346935567924,45,0.7129323897241218,0.00025014426181014994,48,0.5563391210985201,0.0012979330660829824,48,0.2358306133560152,0.0037785039711362013,48,584.0,3.3441880554179364,48,147.625,3.204001404494074,48,0.12409821701456326,0.002889964588458524,48,0.1093441038660082,0.0011909206276966033,48,0.37010443800935594,0.003909882970080157,48,0.22202234606304838,0.003690801908813936,48,0.8906558961339918,0.001190920627696639,48,1671.375,3.204001404494074,48,100.75,3.3441880554179364,48,11.375,0.0,48,17.433333333333334,1.0115993936995689,30,69.73333333333333,4.046397574798275,30,2503.75,0.0,48,684.75,0.0,48,0.01039667856412306,0.0,48,1056.1875,0.0,48,0.02025466854546724,0.00035683635305275914,48,0.5491378524300589,0.0008763771552594415,48,0.4421984198626461,0.0008268065596902328,48,10.666666666666666,0.19094065395649334,48,0.5926404894174387,0.023718225251814152,48,3.5449349085489907,0.04577547999395937,48,0.06074935962290814,0.004518467262303075,48,0.5519748027130854,0.004431381920399246,45,0.4312864090641868,0.003627780383330314,45
all16,dino_full_ema,16,48,0.7192068259773885,0.00020515606336008932,48,0.5602959085125706,0.001608468552615692,48,0.24509746697222412,0.004449436697827879,48,576.3333333333334,3.282489845122652,48,144.9375,1.7365554986812255,48,0.13358559314085,0.004286185185621639,48,0.10784698237139169,0.0004395932456449903,48,0.37813568962835015,0.005287331195905675,48,0.2284387993965329,0.00363570122384936,48,0.8921530176286083,0.00043959324564500987,48,1674.0625,1.7365554986812255,48,108.41666666666667,3.2824898451226523,48,0.7309273935872637,0.0003118972236862412,48,0.44951318562225273,0.0008158747709973073,48,0.021223760865969592,0.0022979905905758198,48,3.8333333333333335,0.09547032697824666,48,0.637093953508662,0.002723457725444229,48,0.0539420868336134,0.002642207640716898,48,0.14563845200724418,0.002424341023547559,48,0.3120155662259286,0.011098674902073094,48,0.34796243550839145,0.01172048502627357,48,0.317045026052379,0.008001594700525631,48,5.208333333333333,0.295363476640788,48,5.386555767359776,0.2982151365029828,45,0.7165392835249573,0.0004414429197579298,48,0.5628058221179645,0.0019865843508332787,48,0.252966707762783,0.005227369254803148,48,568.25,4.0,48,155.77083333333334,1.1563907571981598,48,0.13307784299716738,0.005296778906210326,48,0.11751278920358543,0.0005753788385279803,48,0.3693027889072787,0.006648442744213387,48,0.24312443343951431,0.004310453880878728,48,0.8824872107964147,0.0005753788385279943,48,1663.2291666666667,1.1563907571981598,48,116.5,4.0,48,11.375,0.0,48,17.416666666666668,0.057735026918961346,30,69.66666666666667,0.23094010767584539,30,2503.75,0.0,48,684.75,0.0,48,0.01039667856412306,0.0,48,1056.1875,0.0,48,0.024931259749610316,0.001279593926344791,48,0.5525957335597135,0.0009336355553790205,48,0.44837535936158757,0.0007998118186876794,48,10.958333333333334,0.14433756729740646,48,0.6122929411858568,0.020337998337462665,48,3.2480816206980663,0.012167901957694786,48,0.0673013265519844,0.003044828251421003,48,0.5713975027499925,0.0019828291139239577,45,0.4651055528833307,0.002772731364851101,45
all16,dino_global_pca,16,48,0.7157291571096969,0.0,48,0.5337472017047267,0.0,48,0.1750155136969759,0.0,48,611.125,0.0,48,121.5,0.0,48,0.07913391843562964,0.0,48,0.09108725561717752,1.6996749443881478e-17,48,0.327859123832782,0.0,48,0.1585816590266309,0.0,48,0.9089127443828225,0.0,48,1697.5,0.0,48,73.625,0.0,48,0.6490954664540991,0.0,48,0.3963577092524015,6.798699777552591e-17,48,0.0016904701478779316,0.0,48,2.875,0.0,48,0.7793217675434642,1.3597399555105182e-16,48,0.038008260173971256,0.0,48,0.0933009851840355,0.0,48,0.26221080216510156,0.0,48,0.3640128968253968,0.0,48,0.23348073495132315,0.0,48,4.3125,0.0,48,5.195454487374849,0.0,45,0.7119167197879731,1.3597399555105182e-16,48,0.5354218533473686,0.0,48,0.1907263015764145,0.0,48,600.0625,0.0,48,136.0,0.0,48,0.08010889596518209,0.0,48,0.10445196169955691,1.6996749443881478e-17,48,0.3212923524239737,0.0,48,0.175295668394294,0.0,48,0.895548038300443,0.0,48,1683.0,0.0,48,84.6875,0.0,48,11.375,0.0,48,21.27777777777778,0.0,27,85.11111111111111,0.0,27,2503.75,0.0,48,684.75,0.0,48,0.01039667856412306,0.0,48,1056.1875,0.0,48,0.0211205827252965,0.0,48,0.5275258603515698,0.0,48,0.39534807904545244,0.0,48,9.125,0.0,48,0.0025962815852835774,0.0,48,0.014565462348400615,0.0,48,0.0017750245169736445,0.0,48,0.5261949880423823,0.0,45,0.3969680936347603,0.0,45
all16,dino_spatiotemporal,16,48,0.7162012452747102,0.00021222135341583982,48,0.5487051960389989,0.005301392522925728,48,0.21564829952319306,0.010699801099202233,48,596.375,2.394655507583502,48,132.70833333333334,2.407940423543185,48,0.1180772814917127,0.010356965917540442,48,0.09589953053683019,0.000889606839534812,48,0.38126265068289517,0.008221650699828796,48,0.19330992261482804,0.010389181728841361,48,0.9041004694631698,0.0008896068395348073,48,1686.2916666666667,2.407940423543185,48,88.375,2.394655507583502,48,0.7282910910944542,0.00021020953733853003,48,0.44296401675403585,0.0007430946984323033,48,0.004185814805168775,0.0009602335980980766,48,3.375,0.0625,48,0.6358050434782437,0.0042585767978604,48,0.04837165166598445,0.0010558774429626566,48,0.14249959274208004,0.0009733174441543716,48,0.3024613057269377,0.0033190519012508673,48,0.37663273467754504,0.00905386085854114,48,0.294104792266557,0.0043011148200344145,48,5.291666666666667,0.09547032697824667,48,5.965526614209778,0.19128767205369576,45,0.7123472445237619,0.0006261959160414269,48,0.5520869719663931,0.006042517080795505,48,0.229568293043899,0.009387387936323845,48,584.4583333333334,3.040310770847831,48,148.0,2.4375,48,0.11717445228508067,0.00949226078416587,48,0.10987422226140468,0.0005696850341672118,48,0.3648950764008778,0.006423029262543868,48,0.21404816619419095,0.012159867415051005,48,0.8901257777385952,0.0005696850341671873,48,1671.0,2.4375,48,100.29166666666667,3.040310770847831,48,11.375,0.0,48,17.7,1.0392304845413247,30,70.8,4.156921938165299,30,2503.75,0.0,48,684.75,0.0,48,0.01039667856412306,0.0,48,1056.1875,0.0,48,0.020153956578606396,0.0004765638995722419,48,0.5482684304453876,0.0008182318225472196,48,0.44188047456732454,0.0007502559851041473,48,10.791666666666666,0.2194927865177654,48,0.6589666462969035,0.025906252887937235,48,3.9509256035089493,0.04789146831133001,48,0.05559501494280994,0.003970341047202335,48,0.5528561702283753,0.0026219842799452865,45,0.43324648602426374,0.0023519476704358055,45
all16,dino_state_pca,16,48,0.7140196398949058,1.3597399555105182e-16,48,0.5344309878328987,0.0,48,0.17306183726529423,0.0,48,615.75,0.0,48,117.8125,0.0,48,0.08283893005518869,0.0,48,0.08054881549778539,0.0,48,0.3726171163398855,0.0,48,0.14941079116358272,0.0,48,0.9194511845022145,1.3597399555105182e-16,48,1701.1875,0.0,48,69.0,0.0,48,0.6884760751099187,0.0,48,0.42109384590385196,6.798699777552591e-17,48,0.0016646480653434992,0.0,48,2.4375,0.0,48,0.7507833887634175,1.3597399555105182e-16,48,0.04846787831228618,8.498374721940739e-18,48,0.10203845507267802,1.6996749443881478e-17,48,0.24214653178520965,0.0,48,0.37155796425380383,0.0,48,0.23243392636774987,3.3993498887762956e-17,48,6.0625,0.0,48,6.374574013620459,0.0,45,0.710744677709092,0.0,48,0.5378450534458605,0.0,48,0.19262542717622258,3.3993498887762956e-17,48,603.0625,0.0,48,135.0625,0.0,48,0.08570076987508209,1.6996749443881478e-17,48,0.09457989669051364,0.0,48,0.34415205507315827,0.0,48,0.17027000358223496,3.3993498887762956e-17,48,0.9054201033094863,0.0,48,1683.9375,0.0,48,81.6875,0.0,48,11.375,0.0,48,21.90909090909091,0.0,33,87.63636363636364,0.0,33,2503.75,0.0,48,684.75,0.0,48,0.01039667856412306,0.0,48,1056.1875,0.0,48,0.01601153548037165,0.0,48,0.5302096857844316,0.0,48,0.42015571088793296,6.798699777552591e-17,48,10.4375,0.0,48,0.0030261377105489373,0.0,48,0.019687715255713556,0.0,48,0.0017543116118758917,0.0,48,0.5581572998851979,0.0,45,0.46896103896103897,0.0,45
all16,dino_visual_state,16,48,0.7175268853950497,0.0010481603023937643,48,0.5433933445839451,0.0027545867983598394,48,0.20450325692065988,0.006401449178097685,48,594.1666666666666,4.397412828395048,48,132.6875,3.0078023538789913,48,0.10451242533024292,0.0049456916639173615,48,0.09689481271168192,0.001128714547045607,48,0.3608866671760927,0.003786187765292294,48,0.18368150187957188,0.006558990323783427,48,0.9031051872883181,0.0011287145470456022,48,1686.3125,3.0078023538789913,48,90.58333333333333,4.397412828395048,48,0.6857282203318616,0.0010384821479118172,48,0.4244790149289146,0.00029136282730082933,48,0.01154847389261704,0.0013815845694618801,48,3.2291666666666665,0.1301041249666333,48,0.7383559076350187,0.003931874961870276,48,0.04589051309741079,0.002168851641957172,48,0.11302594970623236,0.006086392314654435,48,0.2754061484452362,0.00959535873003057,48,0.3542635633837115,0.017942423058195066,48,0.26731840463458106,0.00867724301457684,48,5.520833333333333,0.32072508996543025,48,6.23151366193114,0.0878485120229662,45,0.7132941160837567,0.0013265454489006998,48,0.543855750116465,0.003135190307393189,48,0.21694992221681317,0.006817830502599165,48,583.25,4.908936366464736,48,147.29166666666666,2.3170001258811648,48,0.10290515632493924,0.005764805755617279,48,0.11030419763611161,0.0010894670011646027,48,0.3515243495741416,0.0040126309314181124,48,0.1980156978690418,0.0070969224992929085,48,0.8896958023638885,0.001089467001164641,48,1671.7083333333333,2.3170001258811648,48,101.5,4.908936366464736,48,11.375,0.0,48,18.481481481481485,0.17858612520357298,27,73.92592592592594,0.7143445008142919,27,2503.75,0.0,48,684.75,0.0,48,0.01039667856412306,0.0,48,1056.1875,0.0,48,0.020245584103290252,0.0006047115982871969,48,0.537439570944542,0.0005344566000174143,48,0.4235300770540669,0.0002980880510332643,48,11.270833333333334,0.2886751345948129,48,0.672608053466926,0.03266357672091595,48,3.738583435614904,0.022498986689502672,48,0.05373827343161489,0.004622928510513922,48,0.5510419602735851,0.0026646063181727233,45,0.42197103308214423,0.002425713336489022,45
all16,visual_state_transition,16,48,0.7247758866884201,0.0,48,0.5,0.0,48,0.0,0.0,48,684.75,0.0,48,0.0,0.0,48,0.0,0.0,48,0.0,0.0,48,0.0,0.0,48,0.0,0.0,48,1.0,0.0,48,1819.0,0.0,48,0.0,0.0,48,0.49838547873247,0.0,48,0.2776058986984192,0.0,48,0.0,0.0,48,0.0,0.0,48,1.0,0.0,48,0.007385870888650819,0.0,48,0.02242475669191497,4.2491873609703695e-18,48,0.0,0.0,48,0.0,0.0,48,0.0,0.0,48,0.0,0.0,48,0.0,0.0,45,0.7214039846222815,0.0,48,0.49983631117156185,6.798699777552591e-17,48,0.013897354592613952,0.0,48,679.875,0.0,48,12.1875,0.0,48,-0.0015666087826199028,2.655742100606481e-19,48,0.007512760639031891,0.0,48,0.2626550660328234,0.0,48,0.007185382982155808,0.0,48,0.992487239360968,0.0,48,1806.8125,0.0,48,4.875,0.0,48,11.375,0.0,48,,,,,,,2503.75,0.0,48,684.75,0.0,48,0.006240166251194488,0.0,48,1056.1875,0.0,48,0.005877064883039701,1.0622968402425924e-18,48,0.499000585106211,6.798699777552591e-17,48,0.2672283842305841,0.0,48,0.0,0.0,48,0.0,0.0,48,3.3429190665483475,0.0,48,0.0,0.0,48,0.6222285655775507,0.0,45,0.4868323446101224,0.0,45
