scene,method,auroc,average_precision,pr_auc_trapezoid,partial_auroc_fpr10,diagnostic_tpr_at_fpr1,diagnostic_tpr_at_fpr5,diagnostic_fpr_at_tpr95,frame_tn,frame_fp,frame_fn,frame_tp,frame_precision,frame_recall,frame_f1,frame_specificity,frame_normal_fpr,frame_accuracy,frame_balanced_accuracy,frame_mcc,alarm_tn,alarm_fp,alarm_fn,alarm_tp,alarm_precision,alarm_recall,alarm_f1,alarm_specificity,alarm_normal_fpr,alarm_accuracy,alarm_balanced_accuracy,alarm_mcc,gt_events_sampled,detected_gt_events,predicted_alert_events,false_alert_events,event_precision_overlap,event_recall_overlap,event_f1_overlap,median_detected_delay_observations,median_detected_delay_original_frames,false_alerts_per_1000_normal_only_video_observations,normal_only_video_observations,event_warning,video_auroc_top5mean,video_ap_top5mean,video_metric_reason,threshold_normal_q99,n_test,n_test_anomaly,test_diagnostic_thresholds_not_used_for_deployment
R01,frame_global,0.6595110316040548,0.39274936156257884,0.38089042134899775,0.4843548943916141,0.0,0.0,0.6976744186046512,3,83,0,39,0.319672131147541,1.0,0.484472049689441,0.03488372093023256,0.9651162790697675,0.336,0.5174418604651163,0.10559996880739843,30,56,3,36,0.391304347826087,0.9230769230769231,0.549618320610687,0.3488372093023256,0.6511627906976745,0.528,0.6359570661896243,0.2858001323572585,8,8,15,7,0.5333333333333333,1.0,0.6956521739130436,0.0,0.0,125.0,56,"Sampled-label overlap, no point adjustment; delays among detected events only; no original-FPS seconds.",0.4642857142857143,0.5071629759129759,,2.5631980895996094,125,39,True
R01,frame_phase,0.6132975551580202,0.35231936053882335,0.3416895731701449,0.4771364906003829,0.0,0.0,0.7441860465116279,62,24,26,13,0.35135135135135137,0.3333333333333333,0.34210526315789475,0.7209302325581395,0.27906976744186046,0.6,0.5271317829457364,0.05507413194871251,77,9,34,5,0.35714285714285715,0.1282051282051282,0.18867924528301885,0.8953488372093024,0.10465116279069768,0.656,0.5117769827072153,0.03460350213768915,8,3,7,4,0.42857142857142855,0.375,0.39999999999999997,5.0,160.0,53.57142857142857,56,"Sampled-label overlap, no point adjustment; delays among detected events only; no original-FPS seconds.",0.4285714285714286,0.49006132756132753,,3.733799457550049,125,39,True
R01,object_global,0.6571258199165175,0.412908462075502,0.397352934026023,0.5088346985531808,0.0,0.07692307692307693,0.7209302325581395,5,81,0,39,0.325,1.0,0.4905660377358491,0.05813953488372093,0.9418604651162791,0.352,0.5290697674418605,0.1374603536922894,36,50,3,36,0.4186046511627907,0.9230769230769231,0.576,0.4186046511627907,0.5813953488372093,0.576,0.670840787119857,0.3416815742397138,8,8,15,7,0.5333333333333333,1.0,0.6956521739130436,0.0,0.0,125.0,56,"Sampled-label overlap, no point adjustment; delays among detected events only; no original-FPS seconds.",0.7857142857142857,0.851923076923077,,2.8072633743286133,125,39,True
R01,object_phase,0.6666666666666666,0.49358367888834553,0.4825514490845185,0.5562250886608292,0.02564102564102564,0.20512820512820512,0.7209302325581395,53,33,18,21,0.3888888888888889,0.5384615384615384,0.45161290322580644,0.6162790697674418,0.38372093023255816,0.592,0.5773703041144902,0.14473040401495815,68,18,28,11,0.3793103448275862,0.28205128205128205,0.3235294117647059,0.7906976744186046,0.20930232558139536,0.632,0.5363744782349433,0.0798497722438173,8,6,11,5,0.5454545454545454,0.75,0.631578947368421,3.0,96.0,71.42857142857143,56,"Sampled-label overlap, no point adjustment; delays among detected events only; no original-FPS seconds.",0.8928571428571429,0.9464285714285714,,2.2063052654266357,125,39,True
R01,process,0.5081991651759092,0.3365027153745088,0.36838475645918567,0.5172582619339046,0.02564102564102564,0.05128205128205128,1.0,81,5,36,3,0.375,0.07692307692307693,0.12765957446808512,0.9418604651162791,0.05813953488372093,0.672,0.509391771019678,0.03555667121699634,86,0,39,0,0.0,0.0,0.0,1.0,0.0,0.688,0.5,0.0,8,0,0,0,0.0,0.0,0.0,,,0.0,56,"Sampled-label overlap, no point adjustment; delays among detected events only; no original-FPS seconds.",0.6607142857142857,0.7388392857142857,,1.0519914627075195,125,39,True
R01,ae_baseline,0.6082289803220036,0.34940882231564785,0.3382348341115661,0.480274927031353,0.0,0.0,0.7093023255813954,10,76,0,39,0.3391304347826087,1.0,0.5064935064935064,0.11627906976744186,0.8837209302325582,0.392,0.5581395348837209,0.1985793833366139,33,53,3,36,0.4044943820224719,0.9230769230769231,0.5625,0.38372093023255816,0.6162790697674418,0.552,0.6533989266547406,0.3138973085332996,8,8,15,7,0.5333333333333333,1.0,0.6956521739130436,0.0,0.0,125.0,56,"Sampled-label overlap, no point adjustment; delays among detected events only; no original-FPS seconds.",0.30357142857142855,0.44366640304140303,,1.288136601448059,125,39,True
R01,visual_global,0.6866428145497913,0.41485223545251815,0.4009482308806268,0.4953394219000094,0.0,0.05128205128205128,0.6744186046511628,2,84,0,39,0.3170731707317073,1.0,0.48148148148148145,0.023255813953488372,0.9767441860465116,0.328,0.5116279069767442,0.08587080218665272,30,56,3,36,0.391304347826087,0.9230769230769231,0.549618320610687,0.3488372093023256,0.6511627906976745,0.528,0.6359570661896243,0.2858001323572585,8,8,15,7,0.5333333333333333,1.0,0.6956521739130436,0.0,0.0,125.0,56,"Sampled-label overlap, no point adjustment; delays among detected events only; no original-FPS seconds.",0.6964285714285714,0.6766254578754579,,2.324547529220581,125,39,True
R01,visual_phase,0.6460942158616577,0.39365408468686414,0.38059193860364515,0.4953394219000094,0.0,0.07692307692307693,0.6627906976744186,54,32,19,20,0.38461538461538464,0.5128205128205128,0.43956043956043955,0.627906976744186,0.37209302325581395,0.592,0.5703637447823494,0.13228096900714556,69,17,31,8,0.32,0.20512820512820512,0.25,0.8023255813953488,0.19767441860465115,0.616,0.503726893261777,0.008633531446374633,8,5,11,6,0.45454545454545453,0.625,0.5263157894736842,3.0,96.0,71.42857142857143,56,"Sampled-label overlap, no point adjustment; delays among detected events only; no original-FPS seconds.",0.4642857142857143,0.5105970418470418,,2.4000673294067383,125,39,True
R01,mentor_full,0.6508646392367323,0.39713584568141913,0.3834133022965165,0.49690864011549446,0.0,0.07692307692307693,0.6046511627906976,55,31,18,21,0.40384615384615385,0.5384615384615384,0.46153846153846156,0.6395348837209303,0.36046511627906974,0.608,0.5889982110912344,0.16731300529081758,69,17,31,8,0.32,0.20512820512820512,0.25,0.8023255813953488,0.19767441860465115,0.616,0.503726893261777,0.008633531446374633,8,5,11,6,0.45454545454545453,0.625,0.5263157894736842,3.0,96.0,71.42857142857143,56,"Sampled-label overlap, no point adjustment; delays among detected events only; no original-FPS seconds.",0.4642857142857143,0.5105970418470418,,1.9056727886199951,125,39,True
R01,global_plus_process,0.6887298747763864,0.4147171219556921,0.4010017648732841,0.49377020368452434,0.0,0.05128205128205128,0.6744186046511628,2,84,0,39,0.3170731707317073,1.0,0.48148148148148145,0.023255813953488372,0.9767441860465116,0.328,0.5116279069767442,0.08587080218665272,30,56,3,36,0.391304347826087,0.9230769230769231,0.549618320610687,0.3488372093023256,0.6511627906976745,0.528,0.6359570661896243,0.2858001323572585,8,8,15,7,0.5333333333333333,1.0,0.6956521739130436,0.0,0.0,125.0,56,"Sampled-label overlap, no point adjustment; delays among detected events only; no original-FPS seconds.",0.6964285714285714,0.6766254578754579,,1.9722185134887695,125,39,True
R04,frame_global,0.6902271282436571,0.7037348164887428,0.6989910439534488,0.5603743798611133,0.11188811188811189,0.1888111888111888,0.7520661157024794,106,15,111,32,0.6808510638297872,0.22377622377622378,0.3368421052631579,0.8760330578512396,0.12396694214876033,0.5227272727272727,0.5499046408137317,0.13000283937656196,117,4,114,29,0.8787878787878788,0.20279720279720279,0.32954545454545453,0.9669421487603306,0.03305785123966942,0.553030303030303,0.5848696757787667,0.2557291780475011,26,3,3,0,1.0,0.11538461538461539,0.20689655172413793,0.0,0.0,,0,"Sampled-label overlap, no point adjustment; delays among detected events only; no original-FPS seconds.",,,Both label classes required; not replaced by zero or fabricated.,3.2473721504211426,264,143,True
R04,frame_phase,0.6271166849679247,0.635366149590175,0.6302843599041353,0.5212269244457153,0.0,0.1048951048951049,0.8016528925619835,118,3,135,8,0.7272727272727273,0.055944055944055944,0.10389610389610389,0.9752066115702479,0.024793388429752067,0.4772727272727273,0.5155753337571519,0.07767324657818554,120,1,143,0,0.0,0.0,0.0,0.9917355371900827,0.008264462809917356,0.45454545454545453,0.49586776859504134,-0.067034358757741,26,0,1,1,0.0,0.0,0.0,,,,0,"Sampled-label overlap, no point adjustment; delays among detected events only; no original-FPS seconds.",,,Both label classes required; not replaced by zero or fabricated.,3.131129741668701,264,143,True
R04,object_global,0.6575738311275502,0.6430961889812095,0.6379482063145281,0.5249987072518608,0.0,0.1048951048951049,0.7851239669421488,121,0,143,0,0.0,0.0,0.0,1.0,0.0,0.4583333333333333,0.5,0.0,121,0,143,0,0.0,0.0,0.0,1.0,0.0,0.4583333333333333,0.5,0.0,26,0,0,0,0.0,0.0,0.0,,,,0,"Sampled-label overlap, no point adjustment; delays among detected events only; no original-FPS seconds.",,,Both label classes required; not replaced by zero or fabricated.,4.066990375518799,264,143,True
R04,object_phase,0.6398312431370282,0.6127687469535924,0.6080563771620475,0.4930602238127249,0.0,0.04895104895104895,0.7933884297520661,121,0,143,0,0.0,0.0,0.0,1.0,0.0,0.4583333333333333,0.5,0.0,121,0,143,0,0.0,0.0,0.0,1.0,0.0,0.4583333333333333,0.5,0.0,26,0,0,0,0.0,0.0,0.0,,,,0,"Sampled-label overlap, no point adjustment; delays among detected events only; no original-FPS seconds.",,,Both label classes required; not replaced by zero or fabricated.,4.122688293457031,264,143,True
R04,process,0.5947812518060452,0.6033357992093468,0.5601854344548319,0.4891055206014279,0.0,0.0,0.8264462809917356,120,1,143,0,0.0,0.0,0.0,0.9917355371900827,0.008264462809917356,0.45454545454545453,0.49586776859504134,-0.067034358757741,121,0,143,0,0.0,0.0,0.0,1.0,0.0,0.4583333333333333,0.5,0.0,26,0,0,0,0.0,0.0,0.0,,,,0,"Sampled-label overlap, no point adjustment; delays among detected events only; no original-FPS seconds.",,,Both label classes required; not replaced by zero or fabricated.,2.0801424980163574,264,143,True
R04,ae_baseline,0.671213084436225,0.6883575252065979,0.6837875607327395,0.5567851026746199,0.0,0.20279720279720279,0.8181818181818182,104,17,110,33,0.66,0.23076923076923078,0.34196891191709844,0.859504132231405,0.14049586776859505,0.5189393939393939,0.5451366815003179,0.11479644439403759,118,3,117,26,0.896551724137931,0.18181818181818182,0.3023255813953489,0.9752066115702479,0.024793388429752067,0.5454545454545454,0.5785123966942148,0.2502050116517772,26,3,4,0,1.0,0.11538461538461539,0.20689655172413793,0.0,0.0,,0,"Sampled-label overlap, no point adjustment; delays among detected events only; no original-FPS seconds.",,,Both label classes required; not replaced by zero or fabricated.,1.3283246755599976,264,143,True
R04,visual_global,0.705080043923019,0.7136316719502201,0.708921370559757,0.5616215015954032,0.11888111888111888,0.1888111888111888,0.7520661157024794,118,3,120,23,0.8846153846153846,0.16083916083916083,0.27218934911242604,0.9752066115702479,0.024793388429752067,0.5340909090909091,0.5680228862047043,0.22749434320014492,120,1,133,10,0.9090909090909091,0.06993006993006994,0.12987012987012989,0.9917355371900827,0.008264462809917356,0.49242424242424243,0.5308328035600763,0.1537613248588571,26,3,3,0,1.0,0.11538461538461539,0.20689655172413793,6.0,192.0,,0,"Sampled-label overlap, no point adjustment; delays among detected events only; no original-FPS seconds.",,,Both label classes required; not replaced by zero or fabricated.,2.4938805103302,264,143,True
R04,visual_phase,0.6435878171415361,0.6313841503848561,0.6262136425704935,0.5125579075122355,0.0,0.0979020979020979,0.743801652892562,119,2,142,1,0.3333333333333333,0.006993006993006993,0.013698630136986302,0.9834710743801653,0.01652892561983471,0.45454545454545453,0.49523204068658616,-0.04482727705432773,121,0,143,0,0.0,0.0,0.0,1.0,0.0,0.4583333333333333,0.5,0.0,26,0,0,0,0.0,0.0,0.0,,,,0,"Sampled-label overlap, no point adjustment; delays among detected events only; no original-FPS seconds.",,,Both label classes required; not replaced by zero or fabricated.,2.6174612045288086,264,143,True
R04,mentor_full,0.6503496503496503,0.6350662313329825,0.6299452234420075,0.5135616884203226,0.0,0.08391608391608392,0.6528925619834711,119,2,141,2,0.5,0.013986013986013986,0.0272108843537415,0.9834710743801653,0.01652892561983471,0.4583333333333333,0.49872854418308965,-0.01037230557635757,121,0,143,0,0.0,0.0,0.0,1.0,0.0,0.4583333333333333,0.5,0.0,26,0,0,0,0.0,0.0,0.0,,,,0,"Sampled-label overlap, no point adjustment; delays among detected events only; no original-FPS seconds.",,,Both label classes required; not replaced by zero or fabricated.,2.0152788162231445,264,143,True
R04,global_plus_process,0.7145581691036236,0.7172877683624769,0.7126144754300968,0.5653324491949981,0.1258741258741259,0.20279720279720279,0.71900826446281,118,3,118,25,0.8928571428571429,0.17482517482517482,0.2923976608187134,0.9752066115702479,0.024793388429752067,0.5416666666666666,0.5750158931977114,0.24277779746315134,120,1,133,10,0.9090909090909091,0.06993006993006994,0.12987012987012989,0.9917355371900827,0.008264462809917356,0.49242424242424243,0.5308328035600763,0.1537613248588571,26,3,3,0,1.0,0.11538461538461539,0.20689655172413793,6.0,192.0,,0,"Sampled-label overlap, no point adjustment; delays among detected events only; no original-FPS seconds.",,,Both label classes required; not replaced by zero or fabricated.,1.8874222040176392,264,143,True
