method,macro_frame_auroc,macro_frame_ap,macro_test_normal_fpr
frame_only,0.6727476661302534,0.5801642359776584,0.14223101380787379
crop_only,0.6843638562480532,0.6125697511418291,0.10838859277512734
frame_object_joint,0.7004795560624274,0.617800826530218,0.15557677207796528
frame_global_no_phase,0.7221283603106969,0.6136492514410977,0.1226099514148057
object_global_no_phase,0.7331557976787813,0.6418234943985424,0.12077651580303846
motion_only,0.6051997587583132,0.4822878075477304,0.048540290723736494
patch_phase_only,0.6881799375089629,0.5560305479764116,0.016024853575422947
explicit_process_only,0.5022116600921998,0.42391241383271294,0.002347417840375587
visual_fusion,0.7030579699406356,0.6049401197470058,0.174299244601866
visual_process,0.7034578662859148,0.605822166896741,0.1714583355109569
joint_ae_5,0.7500840310490651,0.6596837861890192,0.16296027357084278
joint_ae_10,0.7486905178004932,0.6537225737051244,0.16914646122433713
track_forecast_5,0.7029754877218284,0.6127823489749715,0.15574451942008605
track_forecast_10,0.7056144951277327,0.613905836628434,0.1609111473649963
spatial_temporal_5,0.7213588564199335,0.6177898798320489,0.1826447390782415
spatial_temporal_10,0.7230747414591681,0.6186685200347171,0.18568500411902547
full_pipeline_5,0.7195877480730302,0.6171382876583045,0.1821205723306705
full_pipeline_10,0.7208137247973747,0.6177976796148874,0.1833522022963028
