scene,method,frame_auroc,frame_ap,precision_at_normal_q99,recall_at_normal_q99,f1_at_normal_q99,test_normal_fpr,threshold,n_test,n_anomaly_test,phase_head_epochs,head_epochs,fit_score_seconds,phase_gt_available,localized_accuracy_available
R01,frame_only,0.7008550131540484,0.44726206061302987,0.4713584288052373,0.9260450160771704,0.6247288503253796,0.5243506493506493,0.0025156144984066486,927,311,10,0,8.101798899999267,False,False
R01,crop_only,0.6619357330772121,0.400282301429168,0.42921348314606744,0.6141479099678456,0.5052910052910053,0.41233766233766234,0.005172701086848974,927,311,10,0,8.101798899999267,False,False
R01,frame_object_joint,0.6814110326972063,0.4316228611809519,0.445468509984639,0.932475884244373,0.6029106029106029,0.586038961038961,0.010063913650810719,927,311,10,0,8.101798899999267,False,False
R01,frame_global_no_phase,0.6973916356954942,0.45508195986814604,0.4520255863539446,0.6816720257234726,0.5435897435897435,0.4172077922077922,0.0012818978866562247,927,311,10,0,8.101798899999267,False,False
R01,object_global_no_phase,0.686166325635779,0.4212314502520587,0.46520874751491054,0.752411575562701,0.5749385749385749,0.4366883116883117,0.0045209708623588085,927,311,10,0,8.101798899999267,False,False
R01,motion_only,0.5703689397419301,0.3332808948282917,0.08737864077669903,0.028938906752411574,0.043478260869565216,0.1525974025974026,6.327009201049805,927,311,10,0,8.101798899999267,False,False
R01,patch_phase_only,0.7128528625715121,0.46361810028477823,0.325,0.04180064308681672,0.07407407407407407,0.04383116883116883,247.5620574951172,927,311,10,0,8.101798899999267,False,False
R01,explicit_process_only,0.4610494007600117,0.3194368321986393,0.0,0.0,0.0,0.0,4.0,927,311,10,0,8.101798899999267,False,False
R01,visual_fusion,0.6752202781141687,0.4213968414533601,0.43453237410071943,0.9710610932475884,0.6003976143141153,0.637987012987013,2.8267011642456055,927,311,10,0,8.101798899999267,False,False
R01,visual_process,0.668147367102351,0.4151799613613098,0.438953488372093,0.9710610932475884,0.6046046046046046,0.6266233766233766,2.4546782970428467,927,311,10,0,8.101798899999267,False,False
R01,joint_ae_5,0.7710412577775921,0.5320026141963773,0.443620178041543,0.9614147909967846,0.6071065989847716,0.6087662337662337,0.36549559235572815,927,311,10,5,8.101798899999267,False,False
R01,track_forecast_5,0.7298487284419759,0.47069908805127564,0.4619124797406807,0.9163987138263665,0.6142241379310345,0.538961038961039,0.45918118953704834,927,311,10,5,8.101798899999267,False,False
R01,spatial_temporal_5,0.6987618490833925,0.4294036445072933,0.41944444444444445,0.9710610932475884,0.585838991270611,0.6785714285714286,2.2713913917541504,927,311,10,5,8.101798899999267,False,False
R01,full_pipeline_5,0.6845429490124024,0.42050187572403974,0.4206128133704735,0.9710610932475884,0.586977648202138,0.6753246753246753,1.9843895435333252,927,311,10,5,8.101798899999267,False,False
R01,joint_ae_10,0.7395707186703971,0.4795200653690037,0.4353448275862069,0.9742765273311897,0.6017874875868917,0.637987012987013,0.29069313406944275,927,311,10,10,8.101798899999267,False,False
R01,track_forecast_10,0.7260016912348102,0.4690020312516103,0.447900466562986,0.9260450160771704,0.6037735849056604,0.5762987012987013,0.41479775309562683,927,311,10,10,8.101798899999267,False,False
R01,spatial_temporal_10,0.6978796926546122,0.42890082465105167,0.418732782369146,0.977491961414791,0.5863066538090647,0.685064935064935,2.1733999252319336,927,311,10,10,8.101798899999267,False,False
R01,full_pipeline_10,0.6831544661126655,0.41957399351796276,0.4206128133704735,0.9710610932475884,0.586977648202138,0.6753246753246753,2.001350164413452,927,311,10,10,8.101798899999267,False,False
R02,frame_only,0.7614364613036091,0.6850214219250095,0.8987341772151899,0.3266871165644172,0.47919010123734535,0.018779342723004695,0.004526815377175808,1930,652,10,0,11.588582899999892,False,False
R02,crop_only,0.7196581842795011,0.7000080400582376,0.9566929133858267,0.3726993865030675,0.5364238410596026,0.008607198748043818,0.009575686417520046,1930,652,10,0,11.588582899999892,False,False
R02,frame_object_joint,0.755392100386916,0.7037193805469657,0.9242424242424242,0.37423312883435583,0.5327510917030568,0.01564945226917058,0.01853744313120842,1930,652,10,0,11.588582899999892,False,False
R02,frame_global_no_phase,0.7976348205113435,0.7203607741762027,0.8981481481481481,0.29754601226993865,0.4470046082949309,0.017214397496087636,0.0031163841485977173,1930,652,10,0,11.588582899999892,False,False
R02,object_global_no_phase,0.8060956056722064,0.7443449929549715,0.9133574007220217,0.3880368098159509,0.5446716899892358,0.018779342723004695,0.00992207508534193,1930,652,10,0,11.588582899999892,False,False
R02,motion_only,0.6545179392647638,0.5046172730063554,1.0,0.003067484662576687,0.0061162079510703364,0.0,39.81781768798828,1930,652,10,0,11.588582899999892,False,False
R02,patch_phase_only,0.7655780456426355,0.5945674997013274,0.5,0.013803680981595092,0.026865671641791045,0.007042253521126761,315.97918701171875,1930,652,10,0,11.588582899999892,False,False
R02,explicit_process_only,0.5158288689190357,0.3598146828980457,0.7333333333333333,0.05061349693251534,0.09469153515064563,0.009389671361502348,1.0,1930,652,10,0,11.588582899999892,False,False
R02,visual_fusion,0.7730337375308429,0.7069619554294517,0.8847583643122676,0.36503067484662577,0.5168295331161781,0.024256651017214397,3.620063543319702,1930,652,10,0,11.588582899999892,False,False
R02,visual_process,0.7745458778574652,0.7104794882376615,0.8843283582089553,0.36349693251533743,0.5152173913043478,0.024256651017214397,2.9858195781707764,1930,652,10,0,11.588582899999892,False,False
R02,joint_ae_5,0.7938700711426021,0.7403329839255395,0.9365671641791045,0.38496932515337423,0.5456521739130434,0.013302034428794992,0.5850016474723816,1930,652,10,5,11.588582899999892,False,False
R02,track_forecast_5,0.7925661501387329,0.7380074503972837,0.930327868852459,0.348159509202454,0.5066964285714286,0.013302034428794992,0.7284902930259705,1930,652,10,5,11.588582899999892,False,False
R02,spatial_temporal_5,0.8109800589494705,0.7457055978815883,0.9111111111111111,0.3773006134969325,0.5336225596529284,0.018779342723004695,3.2423882484436035,1930,652,10,5,11.588582899999892,False,False
R02,full_pipeline_5,0.8093683093791103,0.7444967439566187,0.9107806691449815,0.37576687116564417,0.5320304017372421,0.018779342723004695,2.6322991847991943,1930,652,10,5,11.588582899999892,False,False
R02,joint_ae_10,0.7946921474312816,0.7426009911085134,0.9377289377289377,0.39263803680981596,0.5535135135135135,0.013302034428794992,0.5137794017791748,1930,652,10,10,11.588582899999892,False,False
R02,track_forecast_10,0.8038747995814012,0.7503585877796095,0.9351145038167938,0.37576687116564417,0.5361050328227571,0.013302034428794992,0.62994384765625,1930,652,10,10,11.588582899999892,False,False
R02,spatial_temporal_10,0.8168774062232975,0.7506925228426278,0.9120879120879121,0.38190184049079756,0.5383783783783784,0.018779342723004695,3.215223789215088,1930,652,10,10,11.588582899999892,False,False
R02,full_pipeline_10,0.8141531534126367,0.7483921457062818,0.9144981412639405,0.3773006134969325,0.5342019543973942,0.017996870109546165,2.646071434020996,1930,652,10,10,11.588582899999892,False,False
R03,frame_only,0.6459219555819998,0.5646181830488186,0.7284768211920529,0.08675078864353312,0.15503875968992248,0.023576768257619323,0.005562078207731247,3007,1268,10,0,16.030645599999843,False,False
R03,crop_only,0.6762223748011384,0.6550099494870709,0.9130434782608695,0.16561514195583596,0.2803738317757009,0.011500862564692352,0.017725253477692604,3007,1268,10,0,16.030645599999843,False,False
R03,frame_object_joint,0.6767026355841042,0.6397218119895884,0.8626609442060086,0.15851735015772872,0.2678214523650899,0.018401380103507763,0.02952364645898342,3007,1268,10,0,16.030645599999843,False,False
R03,frame_global_no_phase,0.6751115166445054,0.5638742402181807,0.6783625730994152,0.0914826498422713,0.16122307157748436,0.03162737205290397,0.0032123916316777468,3007,1268,10,0,16.030645599999843,False,False
R03,object_global_no_phase,0.686374969841981,0.6446944585398187,0.8899521531100478,0.14668769716088328,0.25186188219363576,0.013225991949396205,0.019094694405794144,3007,1268,10,0,16.030645599999843,False,False
R03,motion_only,0.5437849084738138,0.452969393296806,0.45918367346938777,0.03548895899053628,0.06588579795021962,0.030477285796434734,6.171461582183838,3007,1268,10,0,16.030645599999843,False,False
R03,patch_phase_only,0.6233685192004542,0.5442421087392688,0.6973684210526315,0.0417981072555205,0.07886904761904762,0.013225991949396205,193.1833953857422,3007,1268,10,0,16.030645599999843,False,False
R03,explicit_process_only,0.5283911671924291,0.4545209442950675,1.0,0.056782334384858045,0.10746268656716418,0.0,0.0,3007,1268,10,0,16.030645599999843,False,False
R03,visual_fusion,0.6885152821792864,0.6241732195155472,0.7834645669291339,0.15694006309148265,0.2614980289093298,0.03162737205290397,2.607196807861328,3007,1268,10,0,16.030645599999843,False,False
R03,visual_process,0.6955110355674152,0.630116529583955,0.7843137254901961,0.15772870662460567,0.262639527248851,0.03162737205290397,2.0857577323913574,3007,1268,10,0,16.030645599999843,False,False
R03,joint_ae_5,0.7006800746649059,0.6251008925538352,0.8061224489795918,0.062302839116719244,0.11566617862371889,0.010925819436457734,0.5978993773460388,3007,1268,10,5,16.030645599999843,False,False
R03,track_forecast_5,0.6726675833495083,0.5771915342377847,0.6934306569343066,0.0749211356466877,0.13523131672597866,0.024151811385853938,0.7381379008293152,3007,1268,10,5,16.030645599999843,False,False
R03,spatial_temporal_5,0.7005562680607986,0.6270691659881273,0.7657657657657657,0.13406940063091483,0.22818791946308725,0.029902242668200116,2.525355815887451,3007,1268,10,5,16.030645599999843,False,False
R03,full_pipeline_5,0.7063996676722364,0.6337147868703865,0.7777777777777778,0.14905362776025236,0.2501654533421575,0.03105232892466935,1.9804948568344116,3007,1268,10,5,16.030645599999843,False,False
R03,joint_ae_10,0.7062389004885146,0.6314075283703267,0.8172043010752689,0.05993690851735016,0.11168258633357825,0.0097757331799885,0.5654057860374451,3007,1268,10,10,16.030645599999843,False,False
R03,track_forecast_10,0.6694499721548516,0.5646172475328584,0.6116504854368932,0.04968454258675079,0.09190371991247265,0.023001725129384705,0.7483722567558289,3007,1268,10,10,16.030645599999843,False,False
R03,spatial_temporal_10,0.6992878172487542,0.6240210796186275,0.7603305785123967,0.14511041009463724,0.24370860927152319,0.03335250143760782,2.514054536819458,3007,1268,10,10,16.030645599999843,False,False
R03,full_pipeline_10,0.7053316656477944,0.6313760655287333,0.7624521072796935,0.15694006309148265,0.2603008502289078,0.03565267395054629,1.978189468383789,3007,1268,10,10,16.030645599999843,False,False
R04,frame_only,0.5827772344813563,0.6237552783237759,0.5,0.0017467248908296944,0.0034812880765883376,0.0022172949002217295,0.013330095447599888,2047,1145,10,0,7.225191100002121,False,False
R04,crop_only,0.6796391328343613,0.69497871359284,0.6666666666666666,0.0017467248908296944,0.003484320557491289,0.0011086474501108647,0.0397258959710598,2047,1145,10,0,7.225191100002121,False,False
R04,frame_object_joint,0.6884124555814831,0.696139252403366,0.3333333333333333,0.0008733624454148472,0.0017421602787456446,0.0022172949002217295,0.06601458787918091,2047,1145,10,0,7.225191100002121,False,False
R04,frame_global_no_phase,0.7183754683914446,0.7152800315018615,0.808695652173913,0.08122270742358079,0.14761904761904762,0.024390243902439025,0.004240482114255428,2047,1145,10,0,7.225191100002121,False,False
R04,object_global_no_phase,0.7539862895651586,0.7570230758473204,0.7796610169491526,0.04017467248908297,0.07641196013289037,0.014412416851441241,0.02127903886139393,2047,1145,10,0,7.225191100002121,False,False
R04,motion_only,0.6521272475527454,0.6382836690594683,0.16666666666666666,0.0017467248908296944,0.003457216940363008,0.011086474501108648,11.33434772491455,2047,1145,10,0,7.225191100002121,False,False
R04,patch_phase_only,0.6509203226212493,0.621694483180272,0.0,0.0,0.0,0.0,276.9169616699219,2047,1145,10,0,7.225191100002121,False,False
R04,explicit_process_only,0.5035772034973227,0.5618771959390992,0.0,0.0,0.0,0.0,1.0,2047,1145,10,0,7.225191100002121,False,False
R04,visual_fusion,0.6754625819382449,0.6672284625896644,0.5714285714285714,0.0034934497816593887,0.006944444444444444,0.0033259423503325942,3.1856467723846436,2047,1145,10,0,7.225191100002121,False,False
R04,visual_process,0.6756271846164275,0.6675126884040375,0.5714285714285714,0.0034934497816593887,0.006944444444444444,0.0033259423503325942,2.5485174655914307,2047,1145,10,0,7.225191100002121,False,False
R04,joint_ae_5,0.73474472061116,0.7412986540803252,0.8,0.059388646288209605,0.11056910569105691,0.018847006651884702,0.7359580397605896,2047,1145,10,5,7.225191100002121,False,False
R04,track_forecast_5,0.6168194889570968,0.6652313232135421,0.7627118644067796,0.11790393013100436,0.2042360060514372,0.04656319290465632,0.8883937001228333,2047,1145,10,5,7.225191100002121,False,False
R04,spatial_temporal_5,0.6751372495860726,0.6689811109511867,0.7,0.00611353711790393,0.012121212121212121,0.0033259423503325942,2.5123894214630127,2047,1145,10,5,7.225191100002121,False,False
R04,full_pipeline_5,0.6780400662283717,0.6698397440821728,0.6666666666666666,0.005240174672489083,0.010398613518197574,0.0033259423503325942,2.1050310134887695,2047,1145,10,5,7.225191100002121,False,False
R04,joint_ae_10,0.7542603046117798,0.7613617099726541,0.8133333333333334,0.05327510917030567,0.1,0.015521064301552107,0.6522406935691833,2047,1145,10,10,7.225191100002121,False,False
R04,track_forecast_10,0.6231315175398677,0.6716454799496578,0.776,0.08471615720524017,0.15275590551181104,0.031042128603104215,0.8776831030845642,2047,1145,10,10,7.225191100002121,False,False
R04,spatial_temporal_10,0.6782540497100087,0.6710596530265615,0.5833333333333334,0.00611353711790393,0.012100259291270527,0.005543237250554324,2.4803435802459717,2047,1145,10,10,7.225191100002121,False,False
R04,full_pipeline_10,0.6806156140164021,0.6718485137065721,0.6363636363636364,0.00611353711790393,0.012110726643598616,0.004434589800443459,2.078315258026123,2047,1145,10,10,7.225191100002121,False,False
