scene,seed,method,auroc,average_precision,pr_auc_trapezoid,partial_auroc_fpr10,diagnostic_tpr_at_fpr1,diagnostic_tpr_at_fpr5,diagnostic_fpr_at_tpr95,frame_tn,frame_fp,frame_fn,frame_tp,frame_precision,frame_recall,frame_f1,frame_specificity,frame_normal_fpr,frame_accuracy,frame_balanced_accuracy,frame_mcc,alarm_tn,alarm_fp,alarm_fn,alarm_tp,alarm_precision,alarm_recall,alarm_f1,alarm_specificity,alarm_normal_fpr,alarm_accuracy,alarm_balanced_accuracy,alarm_mcc,gt_events_sampled,detected_gt_events,predicted_alert_events,false_alert_events,event_precision_overlap,event_recall_overlap,event_f1_overlap,median_detected_delay_observations,median_detected_delay_original_frames,false_alerts_per_1000_normal_only_video_observations,normal_only_video_observations,event_warning,video_auroc_top5mean,video_ap_top5mean,video_metric_reason,threshold_normal_q99,n_test,n_test_anomaly,test_diagnostic_thresholds_not_used_for_deployment
R01,0,crop_roi_denoising_ae,0.7465862112164363,0.49658976664948595,0.49454303165932245,0.4969043479789799,0.012861736334405145,0.01929260450160772,0.5746753246753247,501,115,149,162,0.5848375451263538,0.5209003215434084,0.5510204081632654,0.8133116883116883,0.18668831168831168,0.7152103559870551,0.6671060049275483,0.3447434630129399,540,76,154,157,0.6738197424892703,0.5048231511254019,0.5772058823529411,0.8766233766233766,0.12337662337662338,0.7518878101402373,0.6907232638743892,0.4151896519724229,8,5,13,5,0.6153846153846154,0.625,0.6201550387596899,0.0,0.0,7.407407407407407,405,"Sampled-label overlap, no point adjustment; delays among detected events only; no original-FPS seconds.",0.4821428571428572,0.5836510711510712,,4.631800651550293,927,311,True
R01,0,crop_roi_forecast,0.7688515262872176,0.5468970717634647,0.5457702260166116,0.5480589811271822,0.0,0.08681672025723473,0.6055194805194806,440,176,101,210,0.5440414507772021,0.6752411575562701,0.6025824964131995,0.7142857142857143,0.2857142857142857,0.7011866235167206,0.6947634359209922,0.37309178704498425,525,91,132,179,0.662962962962963,0.5755627009646302,0.6161790017211705,0.8522727272727273,0.14772727272727273,0.7594390507011867,0.7139177141186788,0.44461358529765327,8,8,17,7,0.5882352941176471,1.0,0.7407407407407407,7.5,30.0,12.345679012345679,405,"Sampled-label overlap, no point adjustment; delays among detected events only; no original-FPS seconds.",0.4285714285714286,0.5090929903429904,,4.293200492858887,927,311,True
R01,0,crop_roi_fusion,0.7623240907002964,0.5125111180017029,0.5097357225783593,0.5028110322576391,0.012861736334405145,0.01929260450160772,0.5681818181818182,476,140,120,191,0.5770392749244713,0.6141479099678456,0.5950155763239876,0.7727272727272727,0.22727272727272727,0.7195253505933118,0.6934375913475592,0.3812451217030823,540,76,140,171,0.6923076923076923,0.5498392282958199,0.6129032258064516,0.8766233766233766,0.12337662337662338,0.7669902912621359,0.7132313024595982,0.45545824981544525,8,7,12,4,0.6666666666666666,0.875,0.7567567567567567,4.0,16.0,7.407407407407407,405,"Sampled-label overlap, no point adjustment; delays among detected events only; no original-FPS seconds.",0.4285714285714286,0.5077041014541015,,3.9351603984832764,927,311,True
R01,0,crop_roi_ema,0.7817785108781894,0.528835672714667,0.5266790177897568,0.5088605758769915,0.006430868167202572,0.01929260450160772,0.5211038961038961,382,234,63,248,0.5145228215767634,0.797427652733119,0.6254728877679697,0.6201298701298701,0.37987012987012986,0.6796116504854369,0.7087787614314945,0.39462385834464503,429,187,77,234,0.5558194774346793,0.752411575562701,0.6393442622950819,0.6964285714285714,0.30357142857142855,0.7152103559870551,0.7244200734956362,0.425643435816555,8,8,27,15,0.4444444444444444,1.0,0.6153846153846153,1.0,4.0,24.691358024691358,405,"Sampled-label overlap, no point adjustment; delays among detected events only; no original-FPS seconds.",0.5892857142857143,0.6018554362304362,,3.1977325949328703,927,311,True
R01,1,crop_roi_denoising_ae,0.7616559485530546,0.5089307605085894,0.5060798355345242,0.50211871391428,0.012861736334405145,0.01929260450160772,0.5762987012987013,489,127,140,171,0.5738255033557047,0.5498392282958199,0.561576354679803,0.7938311688311688,0.20616883116883117,0.7119741100323624,0.6718351985634943,0.3474395233809259,535,81,136,175,0.68359375,0.5627009646302251,0.617283950617284,0.8685064935064936,0.1314935064935065,0.7659115426105717,0.7156037290683593,0.4553816974691717,8,5,10,4,0.6,0.625,0.6122448979591836,0.0,0.0,7.407407407407407,405,"Sampled-label overlap, no point adjustment; delays among detected events only; no original-FPS seconds.",0.4642857142857143,0.5211510711510712,,4.852603912353516,927,311,True
R01,1,crop_roi_forecast,0.7667061636113083,0.5393340505804337,0.538197890104204,0.5401302877187122,0.0,0.06430868167202572,0.599025974025974,454,162,108,203,0.5561643835616439,0.6527331189710611,0.6005917159763313,0.737012987012987,0.262987012987013,0.7087378640776699,0.6948730529920241,0.3766498036425168,538,78,135,176,0.6929133858267716,0.5659163987138264,0.6230088495575221,0.8733766233766234,0.1266233766233766,0.7702265372168284,0.7196465110452248,0.46505087407915874,8,8,14,5,0.6428571428571429,1.0,0.782608695652174,11.5,46.0,9.876543209876543,405,"Sampled-label overlap, no point adjustment; delays among detected events only; no original-FPS seconds.",0.4285714285714286,0.5090929903429904,,4.430451393127441,927,311,True
R01,1,crop_roi_fusion,0.7707698250302752,0.5189750321474192,0.5167261517858696,0.5060858079135283,0.00964630225080386,0.028938906752411574,0.5568181818181818,479,137,124,187,0.5771604938271605,0.6012861736334405,0.5889763779527558,0.7775974025974026,0.2224025974025974,0.7184466019417476,0.6894417881154216,0.3751847430383835,542,74,140,171,0.6979591836734694,0.5498392282958199,0.6151079136690648,0.8798701298701299,0.12012987012987013,0.7691477885652643,0.7148546790829748,0.4601189636034668,8,5,9,4,0.5555555555555556,0.625,0.5882352941176471,1.0,4.0,7.407407407407407,405,"Sampled-label overlap, no point adjustment; delays among detected events only; no original-FPS seconds.",0.4642857142857143,0.5211510711510712,,4.156466960906982,927,311,True
R01,1,crop_roi_ema,0.7919572389025765,0.5386958151158502,0.536766863977069,0.5150035275267971,0.0,0.01929260450160772,0.4772727272727273,401,215,66,245,0.532608695652174,0.7877813504823151,0.635538261997406,0.650974025974026,0.349025974025974,0.6968716289104638,0.7193776882281706,0.4143388399321428,436,180,76,235,0.5662650602409639,0.7556270096463023,0.6473829201101928,0.7077922077922078,0.2922077922077922,0.7238403451995685,0.731709608719255,0.4400333180466104,8,8,27,15,0.4444444444444444,1.0,0.6153846153846153,1.0,4.0,24.691358024691358,405,"Sampled-label overlap, no point adjustment; delays among detected events only; no original-FPS seconds.",0.625,0.6249209124209124,,3.3636915930416933,927,311,True
R01,2,crop_roi_denoising_ae,0.758816344427277,0.5078076364254015,0.5049390765361608,0.5024483893158795,0.012861736334405145,0.028938906752411574,0.5795454545454546,487,129,137,174,0.5742574257425742,0.5594855305466238,0.5667752442996743,0.7905844155844156,0.20941558441558442,0.7130528586839266,0.6750349730655196,0.3523804203050439,533,83,139,172,0.6745098039215687,0.5530546623794212,0.607773851590106,0.8652597402597403,0.13474025974025974,0.7605177993527508,0.7091572013195808,0.4423017335362187,8,5,11,5,0.5454545454545454,0.625,0.5825242718446602,0.0,0.0,9.876543209876543,405,"Sampled-label overlap, no point adjustment; delays among detected events only; no original-FPS seconds.",0.4821428571428572,0.5836510711510712,,4.977954387664795,927,311,True
R01,2,crop_roi_forecast,0.7698432997870297,0.5428772257348897,0.5417545485302321,0.5408226060620713,0.0,0.06109324758842444,0.6038961038961039,458,158,105,206,0.5659340659340659,0.662379421221865,0.6103703703703703,0.7435064935064936,0.2564935064935065,0.7162891046386192,0.7029429573641792,0.39243672415267666,536,80,128,183,0.6958174904942965,0.5884244372990354,0.6376306620209059,0.8701298701298701,0.12987012987012986,0.7756202804746494,0.7292771537144527,0.4802854321962085,8,8,17,8,0.5294117647058824,1.0,0.6923076923076924,7.5,30.0,9.876543209876543,405,"Sampled-label overlap, no point adjustment; delays among detected events only; no original-FPS seconds.",0.4285714285714286,0.5090929903429904,,4.398859977722168,927,311,True
R01,2,crop_roi_fusion,0.769329143525285,0.5189383297877168,0.5165775988643276,0.5086243085058452,0.012861736334405145,0.02572347266881029,0.5616883116883117,464,152,111,200,0.5681818181818182,0.6430868167202572,0.603318250377074,0.7532467532467533,0.24675324675324675,0.7162891046386192,0.6981667849835053,0.3855903493247302,532,84,125,186,0.6888888888888889,0.5980707395498392,0.6402753872633391,0.8636363636363636,0.13636363636363635,0.7745415318230853,0.7308535515931014,0.47981358474858204,8,7,13,5,0.6153846153846154,0.875,0.7225806451612904,1.0,4.0,7.407407407407407,405,"Sampled-label overlap, no point adjustment; delays among detected events only; no original-FPS seconds.",0.4642857142857143,0.5228556166056166,,4.07888650894165,927,311,True
R01,2,crop_roi_ema,0.7943061761389736,0.5404406793326136,0.5382885424155542,0.5128441536463199,0.006430868167202572,0.01929260450160772,0.49188311688311687,370,246,46,265,0.5185909980430529,0.8520900321543409,0.6447688564476887,0.6006493506493507,0.39935064935064934,0.6850053937432579,0.7263696914018458,0.42979534720071677,415,201,69,242,0.54627539503386,0.7781350482315113,0.6419098143236073,0.6737012987012987,0.3262987012987013,0.7087378640776699,0.725918173466405,0.4270976388231515,8,8,28,15,0.4642857142857143,1.0,0.6341463414634146,0.5,2.0,27.160493827160494,405,"Sampled-label overlap, no point adjustment; delays among detected events only; no original-FPS seconds.",0.6428571428571428,0.6313311688311688,,3.2737210323102817,927,311,True
R02,0,crop_roi_denoising_ae,0.7827426385168543,0.7294603483987353,0.7295510455801917,0.7029812787679328,0.3588957055214724,0.44631901840490795,0.7104851330203443,1261,17,415,237,0.9330708661417323,0.36349693251533743,0.5231788079470199,0.986697965571205,0.013302034428794992,0.7761658031088083,0.6750974490432713,0.48994256775734313,1269,9,423,229,0.9621848739495799,0.3512269938650307,0.5146067415730338,0.9929577464788732,0.007042253521126761,0.7761658031088083,0.672092370171952,0.49509914756257867,15,4,6,2,0.6666666666666666,0.26666666666666666,0.3809523809523809,3.0,12.0,0.0,295,"Sampled-label overlap, no point adjustment; delays among detected events only; no original-FPS seconds.",0.6499999999999999,0.932651515151515,,7.030168056488037,1930,652,True
R02,0,crop_roi_forecast,0.8381061762531562,0.7726023706505726,0.773038833175967,0.7168899379125541,0.3512269938650307,0.495398773006135,0.7754303599374022,1263,15,419,233,0.9395161290322581,0.35736196319018404,0.5177777777777778,0.9882629107981221,0.011737089201877934,0.7751295336787565,0.672812436994153,0.4884896640775725,1271,7,439,213,0.9681818181818181,0.3266871165644172,0.48853211009174313,0.9945226917057903,0.005477308294209703,0.7689119170984456,0.6606049041351038,0.478044831789044,15,5,6,1,0.8333333333333334,0.3333333333333333,0.47619047619047616,8.0,32.0,0.0,295,"Sampled-label overlap, no point adjustment; delays among detected events only; no original-FPS seconds.",0.75,0.9430122655122654,,4.304522514343262,1930,652,True
R02,0,crop_roi_fusion,0.8094451165068118,0.748482539837831,0.7483448185421697,0.7073547372564595,0.3619631901840491,0.455521472392638,0.6056338028169014,1258,20,414,238,0.9224806201550387,0.36503067484662577,0.523076923076923,0.9843505477308294,0.01564945226917058,0.7751295336787565,0.6746906112887276,0.4855800052255172,1268,10,422,230,0.9583333333333334,0.35276073619631904,0.515695067264574,0.9921752738654147,0.00782472613458529,0.7761658031088083,0.6724680050308669,0.49440037001170506,15,4,6,2,0.6666666666666666,0.26666666666666666,0.3809523809523809,3.0,12.0,0.0,295,"Sampled-label overlap, no point adjustment; delays among detected events only; no original-FPS seconds.",0.7,0.9451515151515152,,4.769496440887451,1930,652,True
R02,0,crop_roi_ema,0.797951649913112,0.7384709705689195,0.7383066384587448,0.7055773091532369,0.36349693251533743,0.4677914110429448,0.6173708920187794,1237,41,374,278,0.8714733542319749,0.4263803680981595,0.572605561277034,0.9679186228482003,0.032081377151799685,0.7849740932642487,0.6971494954731798,0.5020786783692766,1246,32,384,268,0.8933333333333333,0.4110429447852761,0.5630252100840336,0.974960876369327,0.025039123630672927,0.7844559585492228,0.6930019105773015,0.5038791628038484,15,5,14,6,0.5714285714285714,0.3333333333333333,0.4210526315789474,3.0,12.0,6.779661016949152,295,"Sampled-label overlap, no point adjustment; delays among detected events only; no original-FPS seconds.",0.6499999999999999,0.932651515151515,,3.0563141168610386,1930,652,True
R02,1,crop_roi_denoising_ae,0.7866357998022216,0.729764648537218,0.729840488141696,0.6986305592316862,0.3619631901840491,0.44171779141104295,0.6643192488262911,1257,21,414,238,0.918918918918919,0.36503067484662577,0.5225027442371022,0.9835680751173709,0.01643192488262911,0.7746113989637305,0.6742993749819983,0.483700953209286,1269,9,423,229,0.9621848739495799,0.3512269938650307,0.5146067415730338,0.9929577464788732,0.007042253521126761,0.7761658031088083,0.672092370171952,0.49509914756257867,15,4,6,2,0.6666666666666666,0.26666666666666666,0.3809523809523809,3.0,12.0,0.0,295,"Sampled-label overlap, no point adjustment; delays among detected events only; no original-FPS seconds.",0.6,0.9229292929292928,,6.463564872741699,1930,652,True
R02,1,crop_roi_forecast,0.8262724780859664,0.7603168004972816,0.7609103241966984,0.7090551055769554,0.3343558282208589,0.4723926380368098,0.7668231611893583,1266,12,435,217,0.9475982532751092,0.3328220858895706,0.492622020431328,0.9906103286384976,0.009389671361502348,0.7683937823834197,0.6617162072640341,0.4730454501695035,1273,5,450,202,0.9758454106280193,0.3098159509202454,0.4703143189755529,0.9960876369327074,0.003912363067292645,0.7642487046632125,0.6529517939264764,0.46756929552489584,15,4,4,0,1.0,0.26666666666666666,0.4210526315789474,9.5,38.0,0.0,295,"Sampled-label overlap, no point adjustment; delays among detected events only; no original-FPS seconds.",0.8,0.9572979797979798,,4.759634971618652,1930,652,True
R02,1,crop_roi_fusion,0.8087586528029802,0.7458834993085861,0.7457592721018077,0.701760954995571,0.36349693251533743,0.4447852760736196,0.6103286384976526,1253,25,414,238,0.9049429657794676,0.36503067484662577,0.5202185792349727,0.9804381846635368,0.019561815336463225,0.7725388601036269,0.6727344297550812,0.4762691561168964,1267,11,423,229,0.9541666666666667,0.3512269938650307,0.5134529147982063,0.9913928012519562,0.008607198748043818,0.7751295336787565,0.6713098975584935,0.49108051504641875,15,4,6,2,0.6666666666666666,0.26666666666666666,0.3809523809523809,3.0,12.0,0.0,295,"Sampled-label overlap, no point adjustment; delays among detected events only; no original-FPS seconds.",0.7,0.9451515151515152,,4.628122806549072,1930,652,True
R02,1,crop_roi_ema,0.797532811044865,0.7359866246655891,0.7358204975203074,0.702683145838039,0.3619631901840491,0.45245398773006135,0.6111111111111112,1236,42,383,269,0.864951768488746,0.4125766871165644,0.5586708203530634,0.9671361502347418,0.03286384976525822,0.7797927461139896,0.6898564186756531,0.4884733627636002,1243,35,399,253,0.8784722222222222,0.3880368098159509,0.5382978723404255,0.9726134585289515,0.027386541471048513,0.7751295336787565,0.6803251341724512,0.4787322271533942,15,4,12,6,0.5,0.26666666666666666,0.3478260869565218,3.0,12.0,6.779661016949152,295,"Sampled-label overlap, no point adjustment; delays among detected events only; no original-FPS seconds.",0.6499999999999999,0.932651515151515,,3.0377339379931247,1930,652,True
R02,2,crop_roi_denoising_ae,0.7802584079802606,0.7271504618613238,0.7272693837362263,0.7016940014138575,0.3558282208588957,0.4493865030674847,0.7003129890453834,1260,18,416,236,0.9291338582677166,0.3619631901840491,0.5209713024282561,0.9859154929577465,0.014084507042253521,0.7751295336787565,0.6739393415708979,0.48670205139428985,1268,10,425,227,0.9578059071729957,0.348159509202454,0.5106861642294713,0.9921752738654147,0.00782472613458529,0.7746113989637305,0.6701673915339343,0.4904479347311552,15,4,6,2,0.6666666666666666,0.26666666666666666,0.3809523809523809,3.0,12.0,0.0,295,"Sampled-label overlap, no point adjustment; delays among detected events only; no original-FPS seconds.",0.6499999999999999,0.932651515151515,,6.827162742614746,1930,652,True
R02,2,crop_roi_forecast,0.8365244294670544,0.7733061668425585,0.7738549297505808,0.7183970251386698,0.33588957055214724,0.49846625766871167,0.7809076682316118,1266,12,439,213,0.9466666666666667,0.3266871165644172,0.4857468643101483,0.9906103286384976,0.009389671361502348,0.7663212435233161,0.6586487226014575,0.4676299833577339,1273,5,453,199,0.9754901960784313,0.3052147239263804,0.46495327102803735,0.9960876369327074,0.003912363067292645,0.7626943005181347,0.6506511804295438,0.46350698145831504,15,4,4,0,1.0,0.26666666666666666,0.4210526315789474,10.0,40.0,0.0,295,"Sampled-label overlap, no point adjustment; delays among detected events only; no original-FPS seconds.",0.75,0.9430122655122654,,5.075324058532715,1930,652,True
R02,2,crop_roi_fusion,0.8064688403083806,0.7454519360116315,0.7453281460779482,0.7055785724283634,0.3588957055214724,0.45858895705521474,0.6150234741784038,1256,22,415,237,0.915057915057915,0.36349693251533743,0.5203073545554335,0.9827856025039123,0.017214397496087636,0.7735751295336788,0.6731412675096249,0.4804870708395777,1267,11,423,229,0.9541666666666667,0.3512269938650307,0.5134529147982063,0.9913928012519562,0.008607198748043818,0.7751295336787565,0.6713098975584935,0.49108051504641875,15,4,6,2,0.6666666666666666,0.26666666666666666,0.3809523809523809,3.0,12.0,0.0,295,"Sampled-label overlap, no point adjustment; delays among detected events only; no original-FPS seconds.",0.7,0.9451515151515152,,4.752512454986572,1930,652,True
R02,2,crop_roi_ema,0.7936300488685349,0.735219966146555,0.7350536665439907,0.7056985835653969,0.3588957055214724,0.4616564417177914,0.6392801251956182,1236,42,373,279,0.8691588785046729,0.4279141104294479,0.5734840698869476,0.9671361502347418,0.03286384976525822,0.7849740932642487,0.6975251303320948,0.5017773334195696,1246,32,385,267,0.8929765886287625,0.40950920245398775,0.5615141955835963,0.974960876369327,0.025039123630672927,0.7839378238341969,0.6922350394116574,0.5025614786084089,15,5,12,5,0.5833333333333334,0.3333333333333333,0.4242424242424242,3.0,12.0,6.779661016949152,295,"Sampled-label overlap, no point adjustment; delays among detected events only; no original-FPS seconds.",0.6499999999999999,0.932651515151515,,2.9983078602872175,1930,652,True
R03,0,crop_roi_denoising_ae,0.7272195848442577,0.6985721564684599,0.6989123382997773,0.6129915828694623,0.1892744479495268,0.2578864353312303,0.8711903392754456,1739,0,1134,134,1.0,0.1056782334384858,0.1911554921540656,1.0,0.0,0.6228799467908214,0.5528391167192429,0.2529150949059796,1739,0,1150,118,1.0,0.09305993690851735,0.17027417027417027,1.0,0.0,0.6175590289324908,0.5465299684542587,0.2366777309246681,17,2,3,0,1.0,0.11764705882352941,0.21052631578947367,84.0,336.0,0.0,362,"Sampled-label overlap, no point adjustment; delays among detected events only; no original-FPS seconds.",0.3666666666666667,0.8942501398383751,,6.571207046508789,3007,1268,True
R03,0,crop_roi_forecast,0.645998824517517,0.552907524719194,0.55312546363507,0.539006217015338,0.015772870662460567,0.13485804416403785,1.0,1722,17,1248,20,0.5405405405405406,0.015772870662460567,0.030651340996168577,0.9902242668200115,0.0097757331799885,0.5793149318257399,0.502998568741236,0.02686422622945555,1739,0,1268,0,0.0,0.0,0.0,1.0,0.0,0.578317259727303,0.5,0.0,17,0,0,0,0.0,0.0,0.0,,,0.0,362,"Sampled-label overlap, no point adjustment; delays among detected events only; no original-FPS seconds.",0.06666666666666667,0.7858374414256768,,4.675792694091797,3007,1268,True
R03,0,crop_roi_fusion,0.7151110268601376,0.6869924801718372,0.6869956542437946,0.6069962594031677,0.1861198738170347,0.25236593059936907,0.8924669350201265,1738,1,1125,143,0.9930555555555556,0.11277602523659307,0.20254957507082155,0.9994249568717654,0.0005750431282346176,0.6255404057199867,0.5561004910541792,0.2594861342414705,1739,0,1150,118,1.0,0.09305993690851735,0.17027417027417027,1.0,0.0,0.6175590289324908,0.5465299684542587,0.2366777309246681,17,2,3,0,1.0,0.11764705882352941,0.21052631578947367,84.0,336.0,0.0,362,"Sampled-label overlap, no point adjustment; delays among detected events only; no original-FPS seconds.",0.3333333333333333,0.887107282695518,,3.253922700881958,3007,1268,True
R03,0,crop_roi_ema,0.7261733510139443,0.702712493059377,0.702582986611103,0.6156302603485565,0.20662460567823343,0.26261829652996843,0.9108683151236343,1739,0,1065,203,1.0,0.16009463722397477,0.2760027192386132,1.0,0.0,0.645826405054872,0.5800473186119874,0.3151005625614883,1739,0,1073,195,1.0,0.15378548895899052,0.26657552973342447,1.0,0.0,0.6431659461257067,0.5768927444794952,0.30838966253991235,17,4,6,0,1.0,0.23529411764705882,0.38095238095238093,60.5,242.0,0.0,362,"Sampled-label overlap, no point adjustment; delays among detected events only; no original-FPS seconds.",0.33333333333333337,0.883139028727264,,2.519132557855354,3007,1268,True
R03,1,crop_roi_denoising_ae,0.7175583614354673,0.6874635271014362,0.6878487870355057,0.6101251986228371,0.17823343848580442,0.25630914826498424,0.8654399079930994,1737,2,1144,124,0.9841269841269841,0.09779179810725552,0.17790530846484937,0.9988499137435307,0.0011500862564692352,0.6188892583970735,0.5483208559253931,0.23818649312188372,1739,0,1155,113,1.0,0.08911671924290221,0.16364952932657492,1.0,0.0,0.6158962421017625,0.5445583596214512,0.23140893444816477,17,2,3,0,1.0,0.11764705882352941,0.21052631578947367,9.0,36.0,0.0,362,"Sampled-label overlap, no point adjustment; delays among detected events only; no original-FPS seconds.",0.3333333333333333,0.887107282695518,,6.326930522918701,3007,1268,True
R03,1,crop_roi_forecast,0.6366654845327911,0.5444830004617401,0.5445206542162283,0.5369475473403325,0.016561514195583597,0.12854889589905363,1.0,1721,18,1247,21,0.5384615384615384,0.016561514195583597,0.03213465952563122,0.9896492236917769,0.010350776308223116,0.5793149318257399,0.5031053689436802,0.027107431375578292,1739,0,1268,0,0.0,0.0,0.0,1.0,0.0,0.578317259727303,0.5,0.0,17,0,0,0,0.0,0.0,0.0,,,0.0,362,"Sampled-label overlap, no point adjustment; delays among detected events only; no original-FPS seconds.",0.1,0.7969485525367879,,4.7660417556762695,3007,1268,True
R03,1,crop_roi_fusion,0.7060175905148722,0.6754869386200608,0.6754660928713399,0.6016231912229877,0.17665615141955837,0.24369085173501578,0.8757906843013226,1732,7,1128,140,0.9523809523809523,0.11041009463722397,0.1978798586572438,0.9959746981023577,0.0040253018976423235,0.6225473894246758,0.5531923963697909,0.24363926779565384,1739,0,1154,114,1.0,0.08990536277602523,0.1649782923299566,1.0,0.0,0.6162287994679082,0.5449526813880126,0.23247078015340414,17,2,3,0,1.0,0.11764705882352941,0.21052631578947367,10.5,42.0,0.0,362,"Sampled-label overlap, no point adjustment; delays among detected events only; no original-FPS seconds.",0.3333333333333333,0.887107282695518,,3.383554220199585,3007,1268,True
R03,1,crop_roi_ema,0.7154919702573908,0.6934876898773286,0.693353562291771,0.6112136083292748,0.19242902208201892,0.24842271293375395,0.8936170212765957,1739,0,1070,198,1.0,0.15615141955835962,0.2701227830832197,1.0,0.0,0.6441636182241437,0.5780757097791798,0.3109187333436706,1739,0,1080,188,1.0,0.14826498422712933,0.2582417582417582,1.0,0.0,0.6408380445626871,0.5741324921135647,0.30242768907607126,17,3,6,0,1.0,0.17647058823529413,0.3,17.0,68.0,0.0,362,"Sampled-label overlap, no point adjustment; delays among detected events only; no original-FPS seconds.",0.3333333333333333,0.887107282695518,,2.607555720922308,3007,1268,True
R03,2,crop_roi_denoising_ae,0.7162574850842519,0.6934223675504936,0.6939457096626452,0.612355483775678,0.19400630914826497,0.2634069400630915,1.0,1737,2,1129,139,0.9858156028368794,0.10962145110410094,0.19730305180979418,0.9988499137435307,0.0011500862564692352,0.6238776188892584,0.5542356824238158,0.25338264956077106,1739,0,1154,114,1.0,0.08990536277602523,0.1649782923299566,1.0,0.0,0.6162287994679082,0.5449526813880126,0.23247078015340414,17,1,2,0,1.0,0.058823529411764705,0.1111111111111111,2.0,8.0,0.0,362,"Sampled-label overlap, no point adjustment; delays among detected events only; no original-FPS seconds.",0.3333333333333333,0.887107282695518,,6.3055644035339355,3007,1268,True
R03,2,crop_roi_forecast,0.6407302412822918,0.5463380867770784,0.5463508946542339,0.5361090422309649,0.01498422712933754,0.13249211356466878,1.0,1719,20,1242,26,0.5652173913043478,0.02050473186119874,0.03957382039573821,0.9884991374353076,0.011500862564692352,0.5803126039241769,0.5045019346482532,0.036227676436425826,1739,0,1266,2,1.0,0.0015772870662460567,0.0031496062992125984,1.0,0.0,0.5789823744595943,0.500788643533123,0.03021223985416542,17,1,1,0,1.0,0.058823529411764705,0.1111111111111111,16.0,64.0,0.0,362,"Sampled-label overlap, no point adjustment; delays among detected events only; no original-FPS seconds.",0.06666666666666667,0.7858374414256768,,4.627185821533203,3007,1268,True
R03,2,crop_roi_fusion,0.706177223938483,0.6819123526144546,0.6819246454916076,0.6069406454861501,0.18690851735015773,0.25157728706624605,0.9091431857389304,1736,3,1129,139,0.9788732394366197,0.10962145110410094,0.1971631205673759,0.9982748706152962,0.0017251293847038527,0.6235450615231127,0.5539481608596986,0.2511941794296836,1739,0,1156,112,1.0,0.08832807570977919,0.16231884057971016,1.0,0.0,0.6155636847356168,0.5441640378548895,0.23034293249193272,17,1,2,0,1.0,0.058823529411764705,0.1111111111111111,5.0,20.0,0.0,362,"Sampled-label overlap, no point adjustment; delays among detected events only; no original-FPS seconds.",0.3333333333333333,0.887107282695518,,3.4421911239624023,3007,1268,True
R03,2,crop_roi_ema,0.7174028095482555,0.6996906462213952,0.699562427550655,0.6167449255522988,0.2113564668769716,0.2586750788643533,0.9108683151236343,1739,0,1064,204,1.0,0.1608832807570978,0.27717391304347827,1.0,0.0,0.6461589624210177,0.5804416403785488,0.31593205985129336,1739,0,1077,191,1.0,0.15063091482649843,0.2618231665524332,1.0,0.0,0.641835716661124,0.5753154574132492,0.30499345703865893,17,4,6,0,1.0,0.23529411764705882,0.38095238095238093,60.5,242.0,0.0,362,"Sampled-label overlap, no point adjustment; delays among detected events only; no original-FPS seconds.",0.3,0.8759961715844069,,2.5434436633645294,3007,1268,True
R04,0,crop_roi_denoising_ae,0.714535868860078,0.735293067725854,0.7481139487480957,0.5674659494134692,0.07074235807860262,0.18602620087336244,1.0,900,2,1123,22,0.9166666666666666,0.01921397379912664,0.03763900769888794,0.9977827050997783,0.0022172949002217295,0.4504152418172936,0.5084983394494524,0.07839105687288189,902,0,1142,3,1.0,0.0026200873362445414,0.005226480836236933,1.0,0.0,0.4421104054714216,0.5013100436681223,0.0340032718099753,26,1,1,0,1.0,0.038461538461538464,0.07407407407407407,88.0,352.0,,0,"Sampled-label overlap, no point adjustment; delays among detected events only; no original-FPS seconds.",,,Both label classes required; not replaced by zero or fabricated.,5.179574489593506,2047,1145,True
R04,0,crop_roi_forecast,0.5736020875492598,0.6177195263838433,0.625356528923685,0.5216126374088379,0.01921397379912664,0.09694323144104804,1.0,855,47,1033,112,0.7044025157232704,0.09781659388646288,0.17177914110429449,0.9478935698447893,0.052106430155210645,0.47239863214460187,0.5228550818656261,0.08478504048465565,880,22,1071,74,0.7708333333333334,0.06462882096069869,0.11925866236905722,0.975609756097561,0.024390243902439025,0.466047874938935,0.5201192885291298,0.09448967939375079,26,10,10,0,1.0,0.38461538461538464,0.5555555555555556,9.5,38.0,,0,"Sampled-label overlap, no point adjustment; delays among detected events only; no original-FPS seconds.",,,Both label classes required; not replaced by zero or fabricated.,3.247767210006714,2047,1145,True
R04,0,crop_roi_fusion,0.7005964426456492,0.7289460508847079,0.7319727174611974,0.5591573362088691,0.07336244541484715,0.1720524017467249,1.0,897,5,1079,66,0.9295774647887324,0.05764192139737991,0.10855263157894737,0.9944567627494457,0.005543237250554324,0.4704445530043967,0.5260493420734128,0.1413546573263879,901,1,1109,36,0.972972972972973,0.0314410480349345,0.06091370558375635,0.9988913525498891,0.0011086474501108647,0.45774303859306303,0.5151662002924118,0.1130352513148502,26,5,5,0,1.0,0.19230769230769232,0.32258064516129037,9.0,36.0,,0,"Sampled-label overlap, no point adjustment; delays among detected events only; no original-FPS seconds.",,,Both label classes required; not replaced by zero or fabricated.,4.169460296630859,2047,1145,True
R04,0,crop_roi_ema,0.727181711674203,0.7462602537598229,0.7456149333396322,0.5646254066017395,0.06375545851528384,0.1868995633187773,0.7494456762749445,897,5,1079,66,0.9295774647887324,0.05764192139737991,0.10855263157894737,0.9944567627494457,0.005543237250554324,0.4704445530043967,0.5260493420734128,0.1413546573263879,894,8,1101,44,0.8461538461538461,0.03842794759825328,0.07351712614870509,0.991130820399113,0.008869179600886918,0.4582315583781143,0.5147793839986832,0.09326511264137977,26,6,7,0,1.0,0.23076923076923078,0.375,14.0,56.0,,0,"Sampled-label overlap, no point adjustment; delays among detected events only; no original-FPS seconds.",,,Both label classes required; not replaced by zero or fabricated.,3.6967096410453664,2047,1145,True
R04,1,crop_roi_denoising_ae,0.7141262986667182,0.7373503128480874,0.7493850883897688,0.5680683034865701,0.08646288209606987,0.1737991266375546,1.0,899,3,1100,45,0.9375,0.039301310043668124,0.07544006705783739,0.9966740576496674,0.0033259423503325942,0.46116267708842207,0.5179876838466678,0.11802777980612975,902,0,1125,20,1.0,0.017467248908296942,0.034334763948497854,1.0,0.0,0.4504152418172936,0.5087336244541485,0.08816346468252459,26,2,2,0,1.0,0.07692307692307693,0.14285714285714288,49.0,196.0,,0,"Sampled-label overlap, no point adjustment; delays among detected events only; no original-FPS seconds.",,,Both label classes required; not replaced by zero or fabricated.,4.995957851409912,2047,1145,True
R04,1,crop_roi_forecast,0.5723477183164051,0.6207251556822364,0.6285863159705093,0.5241372246153877,0.027074235807860263,0.09956331877729258,1.0,847,55,1022,123,0.6910112359550562,0.10742358078602621,0.18594104308390022,0.9390243902439024,0.06097560975609756,0.4738641914997557,0.5232239855149643,0.08183858426868142,880,22,1066,79,0.7821782178217822,0.06899563318777292,0.12680577849117175,0.975609756097561,0.024390243902439025,0.4684904738641915,0.522302694642667,0.10224951135137644,26,10,11,0,1.0,0.38461538461538464,0.5555555555555556,9.5,38.0,,0,"Sampled-label overlap, no point adjustment; delays among detected events only; no original-FPS seconds.",,,Both label classes required; not replaced by zero or fabricated.,3.0861382484436035,2047,1145,True
R04,1,crop_roi_fusion,0.6988952255540817,0.7302836544776653,0.7333065818992643,0.5593540440533843,0.08209606986899563,0.18340611353711792,1.0,894,8,1062,83,0.9120879120879121,0.07248908296943231,0.1343042071197411,0.991130820399113,0.008869179600886918,0.4772838299951148,0.5318099516842727,0.15324767553516713,898,4,1099,46,0.92,0.04017467248908297,0.07698744769874477,0.9955654101995566,0.004434589800443459,0.46116267708842207,0.5178700413443198,0.11494432399408987,26,7,7,0,1.0,0.2692307692307692,0.42424242424242425,15.0,60.0,,0,"Sampled-label overlap, no point adjustment; delays among detected events only; no original-FPS seconds.",,,Both label classes required; not replaced by zero or fabricated.,4.150881767272949,2047,1145,True
R04,1,crop_roi_ema,0.7259336360731611,0.746825346593809,0.7461127311551647,0.5657597891454981,0.0611353711790393,0.1930131004366812,0.7427937915742794,895,7,1077,68,0.9066666666666666,0.059388646288209605,0.11147540983606558,0.9922394678492239,0.007760532150776054,0.4704445530043967,0.5258140570687168,0.1364294683112076,892,10,1098,47,0.8245614035087719,0.04104803493449782,0.07820299500831947,0.9889135254988913,0.011086474501108648,0.4587200781631656,0.5149807802166946,0.09040791929962055,26,6,6,0,1.0,0.23076923076923078,0.375,13.0,52.0,,0,"Sampled-label overlap, no point adjustment; delays among detected events only; no original-FPS seconds.",,,Both label classes required; not replaced by zero or fabricated.,3.703019922287274,2047,1145,True
R04,2,crop_roi_denoising_ae,0.7141935921145635,0.7365201738999861,0.7493333621705665,0.5682741842357518,0.07161572052401746,0.18951965065502183,1.0,899,3,1115,30,0.9090909090909091,0.026200873362445413,0.05093378607809847,0.9966740576496674,0.0033259423503325942,0.4538348803126527,0.5114374655060564,0.09017353639556538,902,0,1139,6,1.0,0.005240174672489083,0.010425716768027803,1.0,0.0,0.44357596482657546,0.5026200873362445,0.048123216598528654,26,2,2,0,1.0,0.07692307692307693,0.14285714285714288,49.5,198.0,,0,"Sampled-label overlap, no point adjustment; delays among detected events only; no original-FPS seconds.",,,Both label classes required; not replaced by zero or fabricated.,5.095829963684082,2047,1145,True
R04,2,crop_roi_forecast,0.5712874834187007,0.6196013036960311,0.6266782990082749,0.5214057374480265,0.021834061135371178,0.09519650655021834,1.0,852,50,1031,114,0.6951219512195121,0.09956331877729258,0.17417876241405653,0.9445676274944568,0.05543237250554324,0.47191011235955055,0.5220654731358747,0.08070532075728926,880,22,1068,77,0.7777777777777778,0.06724890829694323,0.12379421221864953,0.975609756097561,0.024390243902439025,0.4675134342940889,0.5214293321972521,0.09918193376156914,26,10,11,0,1.0,0.38461538461538464,0.5555555555555556,9.5,38.0,,0,"Sampled-label overlap, no point adjustment; delays among detected events only; no original-FPS seconds.",,,Both label classes required; not replaced by zero or fabricated.,3.2100331783294678,2047,1145,True
R04,2,crop_roi_fusion,0.6989523523659216,0.7298025879666259,0.7328482401747825,0.5604660039412914,0.08034934497816594,0.18078602620087336,1.0,896,6,1069,76,0.926829268292683,0.06637554585152838,0.12387938060309697,0.9933481152993349,0.0066518847006651885,0.4748412310698583,0.5298618305754317,0.1512043311195734,899,3,1102,43,0.9347826086956522,0.03755458515283843,0.07220822837951302,0.9966740576496674,0.0033259423503325942,0.4601856375183195,0.5171143214012529,0.11465506140293245,26,5,5,0,1.0,0.19230769230769232,0.32258064516129037,13.0,52.0,,0,"Sampled-label overlap, no point adjustment; delays among detected events only; no original-FPS seconds.",,,Both label classes required; not replaced by zero or fabricated.,4.138403415679932,2047,1145,True
R04,2,crop_roi_ema,0.7270142042428761,0.7479435780742436,0.747303260947134,0.5671866854269554,0.06637554585152838,0.18951965065502183,0.7361419068736141,897,5,1080,65,0.9285714285714286,0.056768558951965066,0.10699588477366255,0.9944567627494457,0.005543237250554324,0.46995603321934537,0.5256126608507053,0.1399388665419733,894,8,1097,48,0.8571428571428571,0.04192139737991266,0.07993338884263114,0.991130820399113,0.008869179600886918,0.4601856375183195,0.5165261088895129,0.10059513417205261,26,6,7,0,1.0,0.23076923076923078,0.375,13.5,54.0,,0,"Sampled-label overlap, no point adjustment; delays among detected events only; no original-FPS seconds.",,,Both label classes required; not replaced by zero or fabricated.,3.6631609917043644,2047,1145,True
